pfam,source,Proteobacteria,Firmicutes,Fungi,Actinobacteria,Bacteroidetes,Metazoa,Viridiplantae,Euryarchaeota,Cyanobacteria,Stramenopiles,Chloroflexi,Planctomycetes,dsDNA virus,Deinococcus-Thermus,Acidobacteria,Other
PF04971,ferm,1,0,0,0,0,0,0,0,0,0,0,0,0,0,0,0
PF05944,ferm,1,0,0,0,0,0,0,0,0,0,0,0,0,0,0,0
PF06891,ferm,1,0,0,0,0,0,0,0,0,0,0,0,0,0,0,0
PF07254,ferm,1,0,0,0,0,0,0,0,0,0,0,0,0,0,0,0
PF07283,ferm,1,0,0,0,0,0,0,0,0,0,0,0,0,0,0,0
PF07358,ferm,1,0,0,0,0,0,0,0,0,0,0,0,0,0,0,0
PF07459,ferm,1,0,0,0,0,0,0,0,0,0,0,0,0,0,0,0
PF07511,ferm,1,0,0,0,0,0,0,0,0,0,0,0,0,0,0,0
PF08891,ferm,1,0,0,0,0,0,0,0,0,0,0,0,0,0,0,0
PF09482,ferm,1,0,0,0,0,0,0,0,0,0,0,0,0,0,0,0
PF10549,ferm,1,0,0,0,0,0,0,0,0,0,0,0,0,0,0,0
PF10753,ferm,1,0,0,0,0,0,0,0,0,0,0,0,0,0,0,0
PF10809,ferm,1,0,0,0,0,0,0,0,0,0,0,0,0,0,0,0
PF11101,ferm,1,0,0,0,0,0,0,0,0,0,0,0,0,0,0,0
PF11143,ferm,1,0,0,0,0,0,0,0,0,0,0,0,0,0,0,0
PF11828,ferm,1,0,0,0,0,0,0,0,0,0,0,0,0,0,0,0
PF12486,ferm,1,0,0,0,0,0,0,0,0,0,0,0,0,0,0,0
PF12615,ferm,1,0,0,0,0,0,0,0,0,0,0,0,0,0,0,0
PF13957,ferm,1,0,0,0,0,0,0,0,0,0,0,0,0,0,0,0
PF13983,ferm,1,0,0,0,0,0,0,0,0,0,0,0,0,0,0,0
PF15941,ferm,1,0,0,0,0,0,0,0,0,0,0,0,0,0,0,0
PF16082,ferm,1,0,0,0,0,0,0,0,0,0,0,0,0,0,0,0
PF17345,ferm,1,0,0,0,0,0,0,0,0,0,0,0,0,0,0,0
PF17399,ferm,1,0,0,0,0,0,0,0,0,0,0,0,0,0,0,0
PF06611,ferm,0.989247312,0,0,0.010752688,0,0,0,0,0,0,0,0,0,0,0,0
PF05926,ferm,0.985915493,0,0,0,0,0,0,0.014084507,0,0,0,0,0,0,0,0
PF11286,ferm,0.985294118,0,0.014705882,0,0,0,0,0,0,0,0,0,0,0,0,0
PF04829,ferm,0.976744186,0,0,0,0,0.023255814,0,0,0,0,0,0,0,0,0,0
PF11804,ferm,0.976744186,0,0,0.007751938,0,0,0,0,0,0,0,0,0,0,0,0.015503876
PF11872,ferm,0.975609756,0,0,0.012195122,0,0,0,0,0,0,0,0,0,0,0,0.012195122
PF11726,ferm,0.972222222,0,0,0,0,0.013888889,0,0,0,0,0,0,0,0,0,0.013888889
PF09652,ferm,0.970588235,0,0,0,0,0,0,0,0,0,0,0,0,0.029411765,0,0
PF09686,ferm,0.969230769,0,0,0.030769231,0,0,0,0,0,0,0,0,0,0,0,0
PF06476,ferm,0.956521739,0,0,0,0.043478261,0,0,0,0,0,0,0,0,0,0,0
PF07867,ferm,0.933333333,0,0,0.066666667,0,0,0,0,0,0,0,0,0,0,0,0
PF06992,ferm,0.916666667,0.033333333,0,0,0.033333333,0.016666667,0,0,0,0,0,0,0,0,0,0
PF15572,ferm,0.9,0,0,0,0.1,0,0,0,0,0,0,0,0,0,0,0
PF12021,ferm,0.894736842,0,0,0.052631579,0,0.052631579,0,0,0,0,0,0,0,0,0,0
PF09977,ferm,0.885057471,0,0,0.022988506,0,0.011494253,0,0,0,0,0,0.045977011,0,0,0.022988506,0.011494253
PF07791,ferm,0.875,0.125,0,0,0,0,0,0,0,0,0,0,0,0,0,0
PF07865,ferm,0.833333333,0,0,0.083333333,0,0.083333333,0,0,0,0,0,0,0,0,0,0
PF13876,ferm,0.821428571,0.142857143,0,0,0,0,0,0,0,0,0,0,0.035714286,0,0,0
PF11363,ferm,0.8125,0,0,0,0.177083333,0.010416667,0,0,0,0,0,0,0,0,0,0
PF11275,ferm,0.777777778,0,0,0.111111111,0,0.111111111,0,0,0,0,0,0,0,0,0,0
PF08859,ferm,0.641509434,0.169811321,0,0.037735849,0.037735849,0,0,0.094339623,0,0,0.009433962,0.009433962,0,0,0,0
PF13687,ferm,0.555555556,0.207070707,0,0,0.217171717,0,0,0,0,0,0.005050505,0,0,0.005050505,0,0.01010101
PF06935,ferm,0.511627907,0.424418605,0,0,0.005813953,0,0,0.046511628,0,0,0,0,0,0,0,0.011627906
PF11153,ferm,0.507246377,0,0,0,0.492753623,0,0,0,0,0,0,0,0,0,0,0
PF12421,ferm,0.5,0.3,0,0,0.2,0,0,0,0,0,0,0,0,0,0,0
PF14189,ferm,0.476190476,0.428571429,0,0.047619048,0,0,0,0,0,0,0,0,0,0,0,0.047619048
PF10094,ferm,0.345744681,0.095744681,0,0.537234043,0.002659574,0.002659574,0,0.010638298,0,0,0.005319149,0,0,0,0,0
PF11765,ferm,0.333333333,0,0.5,0,0,0,0,0,0,0,0,0,0,0,0,0.166666667
PF08821,ferm,0.279411765,0.573529412,0,0,0.058823529,0,0,0.014705882,0,0,0.014705882,0,0,0,0,0.058823528
PF03612,ferm,0.25210084,0.621848739,0,0.117647059,0,0,0,0,0,0,0.008403361,0,0,0,0,0
PF04284,ferm,0.236734694,0.755102041,0,0.004081633,0,0,0,0,0,0,0,0,0,0,0,0.004081633
PF04254,ferm,0.230769231,0,0,0,0.384615385,0,0,0.230769231,0,0,0,0,0,0,0,0.153846154
PF01976,ferm,0.214953271,0.457943925,0,0,0.08411215,0,0.009345794,0.102803738,0,0,0.009345794,0.056074766,0,0,0,0.065420559
PF07680,ferm,0.185185185,0.018518519,0,0,0.722222222,0.018518519,0,0.018518519,0,0,0,0,0,0,0,0.037037037
PF04195,ferm,0.142857143,0,0,0,0,0,0.857142857,0,0,0,0,0,0,0,0,0
PF14387,ferm,0.121212121,0.515151515,0,0.242424242,0,0,0,0,0,0,0.03030303,0,0,0,0,0.09090909
PF13952,ferm,0.111111111,0,0,0,0,0,0.888888889,0,0,0,0,0,0,0,0,0
PF04578,ferm,0.1,0,0,0,0,0,0.9,0,0,0,0,0,0,0,0,0
PF12676,ferm,0.1,0.9,0,0,0,0,0,0,0,0,0,0,0,0,0,0
PF04927,ferm,0.084507042,0,0.690140845,0.014084507,0.014084507,0.014084507,0.169014085,0,0,0,0.014084507,0,0,0,0,0
PF03634,ferm,0.076923077,0,0,0,0,0,0.923076923,0,0,0,0,0,0,0,0,0
PF03763,ferm,0.076923077,0,0,0,0,0,0.923076923,0,0,0,0,0,0,0,0,0
PF04844,ferm,0.076923077,0,0,0,0,0,0.923076923,0,0,0,0,0,0,0,0,0
PF05003,ferm,0.076923077,0,0,0,0,0,0.923076923,0,0,0,0,0,0,0,0,0
PF05055,ferm,0.076923077,0,0,0,0,0,0.923076923,0,0,0,0,0,0,0,0,0
PF07765,ferm,0.076923077,0,0,0,0,0,0.923076923,0,0,0,0,0,0,0,0,0
PF07939,ferm,0.076923077,0,0,0,0,0,0.923076923,0,0,0,0,0,0,0,0,0
PF11961,ferm,0.076923077,0,0,0,0,0,0.923076923,0,0,0,0,0,0,0,0,0
PF14009,ferm,0.076923077,0,0,0,0,0,0.923076923,0,0,0,0,0,0,0,0,0
PF09682,ferm,0.066666667,0.733333333,0.022222222,0,0,0,0,0,0,0,0.111111111,0,0,0,0.022222222,0.044444444
PF12357,ferm,0.066666667,0,0,0,0,0,0.866666667,0,0,0,0,0,0,0,0,0.066666667
PF12363,ferm,0.057142857,0.914285714,0,0.028571429,0,0,0,0,0,0,0,0,0,0,0,0
PF16107,ferm,0.054945055,0.846153846,0,0.087912088,0,0,0,0,0,0,0.010989011,0,0,0,0,0
PF16135,ferm,0.052631579,0,0,0,0,0,0.842105263,0,0,0.052631579,0,0,0,0,0,0.052631579
PF14060,ferm,0.04109589,0,0,0,0.936073059,0.00456621,0,0,0,0,0,0,0,0,0.00913242,0.00913242
PF08664,ferm,0.021052632,0.968421053,0,0,0,0,0,0,0,0,0,0,0,0,0,0.010526316
PF04282,ferm,0.015384615,0.784615385,0,0,0.123076923,0,0,0.007692308,0,0,0.023076923,0,0,0,0,0.046153847
PF12638,ferm,0.011627907,0.779069767,0,0,0,0,0.209302326,0,0,0,0,0,0,0,0,0
PF13038,ferm,0.00862069,0.965517241,0,0.00862069,0,0,0,0,0,0,0,0,0,0,0,0.017241379
PF14510,ferm,0.005405405,0,0.897297297,0,0,0,0.075675676,0,0,0,0,0,0,0,0,0.021621621
PF15980,ferm,0.004739336,0.995260664,0,0,0,0,0,0,0,0,0,0,0,0,0,0
PF07923,ferm,0.004132231,0,0.731404959,0,0,0.214876033,0.004132231,0,0,0.033057851,0,0,0,0,0,0.012396693
PF03124,ferm,0.003690037,0,0.686346863,0,0,0.177121771,0.062730627,0,0,0.033210332,0,0,0,0,0,0.03690037
PF03661,ferm,0.003676471,0,0.669117647,0,0,0.202205882,0.0625,0,0,0.029411765,0,0,0,0,0,0.033088236
PF11916,ferm,0.003636364,0,0.672727273,0,0,0.185454545,0.058181818,0,0,0.032727273,0,0,0,0,0,0.047272728
PF03381,ferm,0.003508772,0,0.656140351,0,0,0.189473684,0.066666667,0,0,0.031578947,0,0,0,0,0,0.05263158
PF00660,ferm,0,0,0.5,0,0,0.25,0,0,0,0,0,0,0,0,0,0.25
PF03698,ferm,0,1,0,0,0,0,0,0,0,0,0,0,0,0,0,0
PF05529,ferm,0,0,0.696969697,0,0,0.196969697,0.045454545,0,0,0.034090909,0,0,0,0,0,0.026515152
PF05595,ferm,0,1,0,0,0,0,0,0,0,0,0,0,0,0,0,0
PF05952,ferm,0,1,0,0,0,0,0,0,0,0,0,0,0,0,0,0
PF06338,ferm,0,0.993902439,0,0.006097561,0,0,0,0,0,0,0,0,0,0,0,0
PF07187,ferm,0,0.856521739,0,0,0,0,0,0.134782609,0,0,0.004347826,0,0,0,0,0.004347826
PF07457,ferm,0,0.987654321,0,0.012345679,0,0,0,0,0,0,0,0,0,0,0,0
PF08741,ferm,0,1,0,0,0,0,0,0,0,0,0,0,0,0,0,0
PF09472,ferm,0,0,0,0,0,0,0,1,0,0,0,0,0,0,0,0
PF09771,ferm,0,0,0.086206897,0,0,0.913793103,0,0,0,0,0,0,0,0,0,0
PF09888,ferm,0,0,0,0,0,0,0,1,0,0,0,0,0,0,0,0
PF09963,ferm,0,0.992537313,0,0.007462687,0,0,0,0,0,0,0,0,0,0,0,0
PF10257,ferm,0,0,0.717842324,0,0,0.228215768,0.004149378,0,0,0.037344398,0,0,0,0,0,0.012448133
PF10334,ferm,0,0,0.973684211,0,0,0,0.006578947,0,0,0,0,0,0,0,0,0.019736841
PF10710,ferm,0,1,0,0,0,0,0,0,0,0,0,0,0,0,0,0
PF11151,ferm,0,0.994318182,0,0.005681818,0,0,0,0,0,0,0,0,0,0,0,0
PF11385,ferm,0,1,0,0,0,0,0,0,0,0,0,0,0,0,0,0
PF11877,ferm,0,0.995348837,0,0.004651163,0,0,0,0,0,0,0,0,0,0,0,0
PF12062,ferm,0,0,0.068965517,0,0,0.931034483,0,0,0,0,0,0,0,0,0,0
PF12246,ferm,0,0,0.930232558,0,0,0,0,0,0,0,0,0,0,0,0,0.06976744
PF12271,ferm,0,0,0.984042553,0,0,0,0.005319149,0,0,0,0,0,0,0,0,0.010638298
PF12788,ferm,0,1,0,0,0,0,0,0,0,0,0,0,0,0,0,0
PF13027,ferm,0,1,0,0,0,0,0,0,0,0,0,0,0,0,0,0
PF13222,ferm,0,1,0,0,0,0,0,0,0,0,0,0,0,0,0,0
PF13273,ferm,0,0.964285714,0,0.011904762,0,0,0,0.023809524,0,0,0,0,0,0,0,0
PF13731,ferm,0,0.72972973,0,0.27027027,0,0,0,0,0,0,0,0,0,0,0,0
PF13791,ferm,0,0.99047619,0,0.00952381,0,0,0,0,0,0,0,0,0,0,0,0
PF13800,ferm,0,1,0,0,0,0,0,0,0,0,0,0,0,0,0,0
PF14034,ferm,0,1,0,0,0,0,0,0,0,0,0,0,0,0,0,0
PF14068,ferm,0,1,0,0,0,0,0,0,0,0,0,0,0,0,0,0
PF14084,ferm,0,1,0,0,0,0,0,0,0,0,0,0,0,0,0,0
PF14097,ferm,0,1,0,0,0,0,0,0,0,0,0,0,0,0,0,0
PF14879,ferm,0,1,0,0,0,0,0,0,0,0,0,0,0,0,0,0
PF15983,ferm,0,1,0,0,0,0,0,0,0,0,0,0,0,0,0,0
PF17034,ferm,0,0,0.692307692,0,0,0.230769231,0,0,0,0.036199095,0,0,0,0,0,0.040723983
PF17350,ferm,0,0,0,0,0,0,0,1,0,0,0,0,0,0,0,0
PF10095,gut,1,0,0,0,0,0,0,0,0,0,0,0,0,0,0,0
PF14348,gut,1,0,0,0,0,0,0,0,0,0,0,0,0,0,0,0
PF10678,gut,0.833333333,0,0,0,0.166666667,0,0,0,0,0,0,0,0,0,0,0
PF10987,gut,0.808510638,0.042553191,0,0.010638298,0.085106383,0,0.010638298,0,0.010638298,0,0,0.010638298,0,0,0,0.021276596
PF18798,gut,0.787878788,0,0,0,0.090909091,0,0,0,0,0,0,0,0,0,0,0.12121212
PF12571,gut,0.770833333,0.21875,0,0,0,0,0,0,0,0,0,0,0.010416667,0,0,0
PF16263,gut,0.74,0.06,0,0.06,0.12,0,0,0,0,0,0,0.02,0,0,0,0
PF10688,gut,0.711229947,0.128342246,0,0.058823529,0.069518717,0,0,0.005347594,0,0,0,0,0,0.005347594,0,0.021390375
PF11672,gut,0.697674419,0.209302326,0,0,0.069767442,0,0,0,0,0,0,0.023255814,0,0,0,0
PF07507,gut,0.681818182,0.045454545,0,0.045454545,0.090909091,0,0,0,0,0,0,0,0,0,0,0.136363635
PF14354,gut,0.658536585,0.195121951,0,0,0.024390244,0,0,0.097560976,0,0,0,0,0,0,0,0.024390244
PF18163,gut,0.619047619,0,0,0.285714286,0.095238095,0,0,0,0,0,0,0,0,0,0,0
PF15571,gut,0.6,0.2,0,0,0.2,0,0,0,0,0,0,0,0,0,0,0
PF14130,gut,0.529411765,0.25,0,0.073529412,0.088235294,0,0,0,0,0,0.029411765,0,0,0,0,0.029411764
PF18819,gut,0.526315789,0.157894737,0,0,0.210526316,0,0,0,0,0,0,0,0,0,0,0.105263158
PF18737,gut,0.526315789,0.078947368,0,0.157894737,0.078947368,0,0.026315789,0,0.026315789,0,0.026315789,0.026315789,0,0,0,0.052631578
PF11681,gut,0.515151515,0.454545455,0,0,0,0.03030303,0,0,0,0,0,0,0,0,0,0
PF18735,gut,0.504347826,0.130434783,0,0.113043478,0.234782609,0,0,0,0,0,0,0.008695652,0,0,0,0.008695652
PF05565,gut,0.484375,0.4375,0,0.015625,0,0,0,0,0.015625,0,0,0.015625,0,0,0.03125,0
PF08878,gut,0.481481481,0.2,0,0.096296296,0.162962963,0,0,0.022222222,0,0,0,0,0,0,0,0.037037037
PF08346,gut,0.476190476,0.428571429,0,0.011904762,0.047619048,0,0,0,0,0.011904762,0,0,0.011904762,0,0,0.011904762
PF18789,gut,0.466666667,0.466666667,0,0,0,0,0,0,0,0,0,0,0,0,0,0.066666667
PF11777,gut,0.457142857,0,0,0,0.542857143,0,0,0,0,0,0,0,0,0,0,0
PF18812,gut,0.44,0.5,0,0,0.02,0,0,0,0,0,0,0,0,0,0,0.04
PF12959,gut,0.428571429,0.571428571,0,0,0,0,0,0,0,0,0,0,0,0,0,0
PF13182,gut,0.415730337,0.146067416,0,0.101123596,0.224719101,0,0,0,0.011235955,0,0.056179775,0,0,0.02247191,0,0.02247191
PF11756,gut,0.4140625,0.375,0,0.0078125,0.125,0,0,0,0,0,0.03125,0.0078125,0,0,0.0078125,0.03125
PF10593,gut,0.371559633,0.128440367,0,0.325688073,0.110091743,0,0,0,0.004587156,0,0.013761468,0,0,0,0,0.04587156
PF11335,gut,0.369747899,0.12605042,0,0.092436975,0.294117647,0,0,0,0,0,0,0.008403361,0,0.008403361,0,0.100840336
PF03802,gut,0.362831858,0.539823009,0,0,0.017699115,0,0,0,0,0,0.008849558,0,0,0,0,0.070796462
PF11299,gut,0.343283582,0.492537313,0,0.134328358,0,0,0,0.02238806,0,0,0,0,0,0,0,0.007462687
PF18824,gut,0.333333333,0,0,0,0.666666667,0,0,0,0,0,0,0,0,0,0,0
PF04071,gut,0.333333333,0.472222222,0,0,0.013888889,0,0,0.138888889,0,0,0,0,0,0,0,0.041666667
PF04307,gut,0.331788693,0.242817424,0,0.233549583,0.104726599,0.00463392,0.000926784,0.039851715,0.000926784,0.00463392,0.005560704,0.00463392,0,0.000926784,0.007414272,0.017608896
PF14350,gut,0.3125,0.145833333,0,0.458333333,0.03125,0,0,0.010416667,0,0,0,0.010416667,0,0,0,0.031250001
PF11195,gut,0.292682927,0.585365854,0,0.06097561,0.036585366,0,0,0,0,0,0,0.012195122,0,0,0,0.012195122
PF18756,gut,0.272727273,0.090909091,0,0.636363636,0,0,0,0,0,0,0,0,0,0,0,0
PF12654,gut,0.270833333,0.541666667,0,0,0,0,0,0,0,0,0.041666667,0.020833333,0,0,0,0.125
PF15542,gut,0.266666667,0.6,0,0.066666667,0.033333333,0,0,0,0,0,0,0,0,0,0,0.033333333
PF13526,gut,0.230769231,0.173076923,0,0.557692308,0,0,0,0,0,0,0,0,0,0,0,0.038461538
PF18843,gut,0.217391304,0.695652174,0,0.043478261,0.043478261,0,0,0,0,0,0,0,0,0,0,0
PF14190,gut,0.214285714,0.571428571,0,0,0.214285714,0,0,0,0,0,0,0,0,0,0,0
PF16148,gut,0.205357143,0,0,0,0.776785714,0,0,0,0,0,0,0,0,0,0,0.017857143
PF13311,gut,0.2,0.751724138,0,0,0.034482759,0,0.003448276,0,0,0,0,0.003448276,0,0,0,0.006896552
PF16152,gut,0.195121951,0.780487805,0,0,0,0,0,0,0,0,0.024390244,0,0,0,0,0
PF14386,gut,0.175,0.225,0,0.525,0.05,0,0,0,0,0,0,0,0,0,0.025,0
PF04572,gut,0.161764706,0,0.205882353,0,0.088235294,0.294117647,0.205882353,0,0,0,0,0.014705882,0.014705882,0,0,0.014705882
PF03272,gut,0.157894737,0.631578947,0.105263158,0,0,0.052631579,0,0,0,0,0,0,0,0,0,0.052631579
PF07613,gut,0.154929577,0.802816901,0,0,0,0,0,0,0,0,0,0,0,0,0,0.042253521
PF16163,gut,0.153846154,0.846153846,0,0,0,0,0,0,0,0,0,0,0,0,0,0
PF10050,gut,0.148148148,0.543209877,0,0.012345679,0.12345679,0,0,0.111111111,0,0,0.024691358,0.012345679,0,0,0,0.024691358
PF12810,gut,0.142857143,0.076190476,0.076190476,0.104761905,0.085714286,0.419047619,0,0.019047619,0,0.066666667,0,0,0,0,0,0.00952381
PF14270,gut,0.142857143,0.857142857,0,0,0,0,0,0,0,0,0,0,0,0,0,0
PF12646,gut,0.126315789,0.6,0,0,0,0,0.178947368,0.010526316,0,0,0,0,0,0,0,0.084210526
PF15933,gut,0.125,0.625,0,0,0.125,0,0,0,0,0,0,0,0,0,0,0.125
PF16945,gut,0.120689655,0.24137931,0,0.637931034,0,0,0,0,0,0,0,0,0,0,0,0
PF16476,gut,0.111111111,0,0,0,0.888888889,0,0,0,0,0,0,0,0,0,0,0
PF04025,gut,0.110091743,0.844036697,0,0,0,0,0,0,0.012232416,0,0.006116208,0,0,0,0,0.027522936
PF11372,gut,0.071428571,0.928571429,0,0,0,0,0,0,0,0,0,0,0,0,0,0
PF13782,gut,0.066666667,0.933333333,0,0,0,0,0,0,0,0,0,0,0,0,0,0
PF12989,gut,0.0625,0.0625,0,0,0.875,0,0,0,0,0,0,0,0,0,0,0
PF14898,gut,0.057142857,0.428571429,0,0,0.4,0,0,0.028571429,0,0,0,0,0,0,0,0.085714287
PF04647,gut,0.056338028,0.943661972,0,0,0,0,0,0,0,0,0,0,0,0,0,0
PF16112,gut,0.054054054,0.945945946,0,0,0,0,0,0,0,0,0,0,0,0,0,0
PF07852,gut,0.052631579,0.947368421,0,0,0,0,0,0,0,0,0,0,0,0,0,0
PF14266,gut,0.052631579,0.947368421,0,0,0,0,0,0,0,0,0,0,0,0,0,0
PF06686,gut,0.050909091,0.941818182,0,0.003636364,0,0,0,0.003636364,0,0,0,0,0,0,0,0
PF12670,gut,0.05019305,0.94980695,0,0,0,0,0,0,0,0,0,0,0,0,0,0
PF11193,gut,0.049723757,0.895027624,0,0.033149171,0,0,0,0,0,0,0.016574586,0,0,0,0,0.005524862
PF09578,gut,0.049242424,0.950757576,0,0,0,0,0,0,0,0,0,0,0,0,0,0
PF14133,gut,0.045454545,0.590909091,0,0.227272727,0.090909091,0,0,0,0,0,0,0,0,0,0,0.045454545
PF11457,gut,0.04137931,0.848275862,0,0.082758621,0.006896552,0,0,0.006896552,0,0,0,0,0,0,0,0.013793104
PF10704,gut,0.038327526,0.958188153,0,0.003484321,0,0,0,0,0,0,0,0,0,0,0,0
PF13780,gut,0.036363636,0.945454545,0,0.018181818,0,0,0,0,0,0,0,0,0,0,0,0
PF07441,gut,0.036101083,0.916967509,0,0,0,0,0,0.046931408,0,0,0,0,0,0,0,0
PF12650,gut,0.035714286,0.707142857,0,0,0.221428571,0,0,0.028571429,0,0,0,0,0,0,0,0.007142857
PF14126,gut,0.029126214,0,0,0,0.954692557,0.003236246,0,0,0,0,0,0,0,0,0,0.012944984
PF14184,gut,0.028571429,0.942857143,0,0.028571429,0,0,0,0,0,0,0,0,0,0,0,0
PF09551,gut,0.026119403,0.970149254,0,0,0,0.003731343,0,0,0,0,0,0,0,0,0,0
PF14221,gut,0.023255814,0.441860465,0,0,0,0.023255814,0,0.372093023,0.11627907,0,0,0,0,0,0,0.023255814
PF16079,gut,0.013513514,0.986486486,0,0,0,0,0,0,0,0,0,0,0,0,0,0
PF09560,gut,0.008474576,0.991525424,0,0,0,0,0,0,0,0,0,0,0,0,0,0
PF13331,gut,0.007692308,0.941025641,0,0.002564103,0,0,0.015384615,0,0,0,0,0,0,0,0,0.033333334
PF09139,gut,0.007380074,0,0.660516605,0,0,0.20295203,0.070110701,0,0,0.033210332,0,0,0,0,0,0.025830259
PF16128,gut,0,0,0,0,1,0,0,0,0,0,0,0,0,0,0,0
PF16151,gut,0,0,0,0,1,0,0,0,0,0,0,0,0,0,0,0
PF04740,gut,0,0.961538462,0.019230769,0.019230769,0,0,0,0,0,0,0,0,0,0,0,0
PF06854,gut,0,0.975,0.025,0,0,0,0,0,0,0,0,0,0,0,0,0
PF07761,gut,0,0.652173913,0,0.347826087,0,0,0,0,0,0,0,0,0,0,0,0
PF09671,gut,0,1,0,0,0,0,0,0,0,0,0,0,0,0,0,0
PF09706,gut,0,0.695652174,0,0,0,0,0,0.130434783,0,0,0,0.043478261,0,0,0,0.130434783
PF10141,gut,0,0.996402878,0,0.003597122,0,0,0,0,0,0,0,0,0,0,0,0
PF10852,gut,0,0.913043478,0,0.043478261,0,0,0,0,0,0,0.043478261,0,0,0,0,0
PF10903,gut,0,1,0,0,0,0,0,0,0,0,0,0,0,0,0,0
PF10957,gut,0,0.985074627,0,0,0,0,0,0,0,0,0,0,0,0.014925373,0,0
PF11114,gut,0,1,0,0,0,0,0,0,0,0,0,0,0,0,0,0
PF11116,gut,0,1,0,0,0,0,0,0,0,0,0,0,0,0,0,0
PF11184,gut,0,1,0,0,0,0,0,0,0,0,0,0,0,0,0,0
PF12617,gut,0,0,0,0,0,0,0.6,0,0.333333333,0,0,0,0,0,0,0.066666667
PF13797,gut,0,0.99537037,0,0,0,0,0,0,0,0,0,0,0,0,0,0.00462963
PF14003,gut,0,1,0,0,0,0,0,0,0,0,0,0,0,0,0,0
PF14069,gut,0,1,0,0,0,0,0,0,0,0,0,0,0,0,0,0
PF14098,gut,0,1,0,0,0,0,0,0,0,0,0,0,0,0,0,0
PF14201,gut,0,1,0,0,0,0,0,0,0,0,0,0,0,0,0,0
PF14471,gut,0,0.866666667,0,0,0,0,0,0,0,0,0.066666667,0,0,0,0,0.066666667
PF16478,gut,0,1,0,0,0,0,0,0,0,0,0,0,0,0,0,0
PF17255,gut,0,0.985294118,0,0,0,0,0,0,0,0,0,0,0,0,0,0.014705882
PF07128,lake,1,0,0,0,0,0,0,0,0,0,0,0,0,0,0,0
PF08895,lake,1,0,0,0,0,0,0,0,0,0,0,0,0,0,0,0
PF09842,lake,1,0,0,0,0,0,0,0,0,0,0,0,0,0,0,0
PF10981,lake,1,0,0,0,0,0,0,0,0,0,0,0,0,0,0,0
PF11201,lake,1,0,0,0,0,0,0,0,0,0,0,0,0,0,0,0
PF11280,lake,1,0,0,0,0,0,0,0,0,0,0,0,0,0,0,0
PF12512,lake,1,0,0,0,0,0,0,0,0,0,0,0,0,0,0,0
PF06853,lake,0.996078431,0,0,0.003921569,0,0,0,0,0,0,0,0,0,0,0,0
PF12339,lake,0.990384615,0,0,0,0,0,0,0,0,0,0,0,0,0,0,0.009615385
PF07284,lake,0.988636364,0,0,0,0,0,0,0,0,0,0,0,0,0,0,0.011363636
PF12633,lake,0.984962406,0,0,0.007518797,0,0,0,0,0,0,0,0,0,0,0,0.007518797
PF08809,lake,0.982758621,0.017241379,0,0,0,0,0,0,0,0,0,0,0,0,0,0
PF11846,lake,0.976377953,0.015748031,0,0,0,0,0,0,0,0,0,0,0,0,0,0.007874016
PF11450,lake,0.968253968,0,0,0,0,0,0,0,0,0,0.007936508,0,0.015873016,0,0,0.007936508
PF06099,lake,0.96,0,0,0.02,0.02,0,0,0,0,0,0,0,0,0,0,0
PF09493,lake,0.893617021,0,0,0,0,0,0.063829787,0,0.031914894,0,0,0,0,0,0,0.010638298
PF05939,lake,0.882352941,0.039215686,0,0,0.019607843,0.019607843,0,0,0,0,0,0,0.019607843,0,0,0.019607843
PF18838,lake,0.875,0,0,0,0.125,0,0,0,0,0,0,0,0,0,0,0
PF18796,lake,0.869047619,0.071428571,0,0,0.047619048,0,0,0,0,0,0,0,0,0,0,0.011904762
PF18857,lake,0.842105263,0.052631579,0.052631579,0,0.052631579,0,0,0,0,0,0,0,0,0,0,0
PF09945,lake,0.808035714,0.084821429,0,0.053571429,0.008928571,0,0.013392857,0,0,0,0.013392857,0.004464286,0,0,0.004464286,0.008928572
PF03818,lake,0.661538462,0.184615385,0,0.046153846,0.092307692,0,0,0,0.015384615,0,0,0,0,0,0,0
PF03817,lake,0.661290323,0.193548387,0,0.048387097,0.096774194,0,0,0,0,0,0,0,0,0,0,0
PF10063,lake,0.543478261,0,0,0,0,0,0.347826087,0,0.086956522,0,0,0,0,0,0,0.02173913
PF14385,lake,0.512195122,0.024390244,0,0,0,0,0,0,0,0,0,0.073170732,0,0,0,0.390243904
PF05037,lake,0.458333333,0.5,0,0.020833333,0,0,0,0,0,0,0,0,0,0,0,0.020833333
PF04765,lake,0.424242424,0.106060606,0,0.060606061,0.136363636,0,0.196969697,0.060606061,0,0,0,0,0,0,0,0.015151515
PF02593,lake,0.421052632,0.315789474,0,0,0,0,0,0.263157895,0,0,0,0,0,0,0,0
PF12094,lake,0.402234637,0,0,0,0.592178771,0,0,0,0,0,0,0,0,0,0,0.005586592
PF04404,lake,0.362068966,0.362068966,0.00862069,0.146551724,0.051724138,0.017241379,0,0,0,0,0,0.00862069,0.017241379,0,0,0.025862069
PF10977,lake,0.348290598,0.049145299,0,0.188034188,0.335470085,0.002136752,0,0.068376068,0,0,0,0,0,0,0,0.008547008
PF10985,lake,0.341463415,0.009756098,0,0,0.629268293,0.004878049,0,0,0,0,0,0,0,0,0,0.014634147
PF09853,lake,0.333333333,0,0,0,0,0,0,0.583333333,0,0,0,0,0,0,0,0.083333333
PF08901,lake,0.315789474,0.50877193,0,0,0.070175439,0,0,0.01754386,0,0,0,0,0,0,0,0.087719299
PF12564,lake,0.292307692,0.276923077,0.015384615,0.015384615,0.323076923,0,0,0,0,0,0,0,0,0,0,0.076923076
PF11753,lake,0.276923077,0.338461538,0,0.138461538,0.015384615,0,0.015384615,0,0,0,0,0,0.215384615,0,0,0
PF15461,lake,0.245283019,0,0.009433962,0.160377358,0.330188679,0,0,0.188679245,0,0,0,0,0,0.028301887,0,0.037735848
PF12674,lake,0.179104478,0.485074627,0,0.029850746,0.23880597,0,0,0.044776119,0,0,0.007462687,0,0,0,0,0.014925374
PF13127,lake,0.167701863,0.211180124,0.614906832,0.00621118,0,0,0,0,0,0,0,0,0,0,0,0
PF12636,lake,0.166666667,0.4375,0,0,0.25,0,0,0.083333333,0,0,0,0,0,0,0,0.0625
PF12315,lake,0.139534884,0,0,0.11627907,0,0,0.418604651,0,0,0.186046512,0.11627907,0,0,0,0,0.023255814
PF09524,lake,0.127272727,0.818181818,0,0,0.036363636,0,0,0,0,0,0,0,0,0,0,0.018181818
PF12322,lake,0.1,0,0,0,0,0,0,0,0,0,0,0,0.9,0,0,0
PF07444,lake,0.083333333,0,0,0,0,0,0.5,0,0.416666667,0,0,0,0,0,0,0
PF11820,lake,0.076923077,0,0,0,0,0,0.923076923,0,0,0,0,0,0,0,0,0
PF14297,lake,0.073170732,0.487804878,0,0,0.341463415,0,0,0,0,0,0,0,0.024390244,0,0,0.073170732
PF06195,lake,0.066666667,0,0,0,0.133333333,0,0,0.133333333,0,0,0,0,0,0,0,0.666666667
PF11341,lake,0.058823529,0,0,0,0,0,0.705882353,0,0.235294118,0,0,0,0,0,0,0
PF17314,lake,0.054054054,0.567567568,0,0.324324324,0,0,0,0,0,0,0,0,0,0,0,0.054054054
PF05421,lake,0.05,0,0,0,0,0,0.75,0,0.2,0,0,0,0,0,0,0
PF12368,lake,0.049635036,0.297810219,0.042335766,0.173722628,0.366423358,0.008759124,0.026277372,0,0,0.011678832,0.004379562,0.001459854,0,0,0,0.017518248
PF04483,lake,0.045454545,0,0,0,0,0,0.681818182,0,0.227272727,0,0,0,0,0,0,0.045454545
PF11282,lake,0.045454545,0,0,0,0,0,0.681818182,0,0.227272727,0,0,0,0,0,0,0.045454545
PF17338,lake,0.045454545,0.045454545,0,0.818181818,0,0,0,0,0,0,0,0.045454545,0,0,0,0.045454545
PF06799,lake,0.041666667,0,0,0,0,0,0.75,0,0.208333333,0,0,0,0,0,0,0
PF12159,lake,0.041666667,0,0,0,0,0,0.708333333,0,0.208333333,0,0,0,0,0,0,0.041666667
PF11998,lake,0.04,0,0,0,0,0,0.72,0,0.2,0,0,0,0,0,0,0.04
PF11276,lake,0.035714286,0,0,0,0.948051948,0.003246753,0,0,0,0,0,0,0,0,0,0.012987013
PF09713,lake,0.035714286,0,0,0,0,0,0.571428571,0,0,0.285714286,0,0,0,0,0,0.107142857
PF11297,lake,0.032679739,0,0,0,0.954248366,0.003267974,0,0,0,0,0,0,0,0,0,0.009803922
PF10652,lake,0.029850746,0,0,0,0.951492537,0.003731343,0,0,0,0,0,0,0,0,0,0.014925373
PF14109,lake,0.026315789,0,0,0,0.970394737,0.003289474,0,0,0,0,0,0,0,0,0,0
PF05811,lake,0.021978022,0,0.054945055,0,0,0.582417582,0.186813187,0,0,0.098901099,0,0,0,0,0,0.054945055
PF03121,lake,0.014285714,0,0.1,0,0,0.428571429,0.228571429,0,0,0.1,0,0,0.014285714,0,0,0.114285714
PF14778,lake,0.012195122,0,0.036585366,0,0,0.646341463,0.195121951,0,0,0.073170732,0,0,0,0,0,0.036585366
PF14770,lake,0.012048193,0,0.228915663,0,0,0.385542169,0.192771084,0,0,0.108433735,0,0,0,0,0,0.072289157
PF05030,lake,0.01010101,0,0.191919192,0,0,0.535353535,0.171717172,0,0,0.070707071,0,0,0,0,0,0.02020202
PF16876,lake,0.008130081,0,0.43902439,0,0,0.333333333,0.12195122,0,0,0.032520325,0,0,0,0,0,0.065040651
PF03034,lake,0.007462687,0,0.320895522,0,0,0.402985075,0.126865672,0,0,0.067164179,0,0,0,0,0,0.074626866
PF12022,lake,0.006666667,0,0.373333333,0,0,0.36,0.126666667,0,0,0.046666667,0,0,0,0,0,0.086666667
PF10998,lake,0.005208333,0,0.838541667,0,0,0.015625,0.083333333,0,0,0.010416667,0,0,0,0,0,0.046874999
PF04308,lake,0.005128205,0.58974359,0,0,0.384615385,0,0,0,0,0,0,0,0,0,0,0.02051282
PF13889,lake,0.005102041,0,0.719387755,0,0,0.209183673,0.06122449,0,0,0,0,0,0,0,0,0.005102041
PF11923,lake,0.004065041,0,0.62601626,0,0,0.207317073,0.069105691,0,0,0.036585366,0,0,0,0,0,0.05691057
PF03311,lake,0.003717472,0,0.657992565,0,0,0.200743494,0.066914498,0,0,0.033457249,0,0,0,0,0,0.03717472
PF04178,lake,0.003508772,0,0.649122807,0,0,0.196491228,0.066666667,0,0,0.031578947,0,0,0,0,0,0.05263158
PF14998,lake,0,0,0,0,0,1,0,0,0,0,0,0,0,0,0,0
PF10534,lake,0,0,0.066666667,0,0,0.933333333,0,0,0,0,0,0,0,0,0,0
PF15795,lake,0,0,0.076923077,0,0,0.923076923,0,0,0,0,0,0,0,0,0,0
PF04923,lake,0,0,0.121212121,0,0,0.878787879,0,0,0,0,0,0,0,0,0,0
PF15300,lake,0,0,0.114285714,0,0,0.857142857,0,0,0,0,0,0,0,0,0,0.028571429
PF07841,lake,0,0,0.153846154,0,0,0.846153846,0,0,0,0,0,0,0,0,0,0
PF15950,lake,0,0,0.16,0,0,0.84,0,0,0,0,0,0,0,0,0,0
PF15860,lake,0,0,0.166666667,0,0,0.833333333,0,0,0,0,0,0,0,0,0,0
PF15870,lake,0,0,0.173913043,0,0,0.739130435,0.057971014,0,0,0,0,0,0,0,0,0.028985507
PF14050,lake,0,0,0.051948052,0,0,0.701298701,0,0,0,0.116883117,0,0,0,0,0,0.12987013
PF10188,lake,0,0,0.084507042,0,0,0.676056338,0.042253521,0,0,0.112676056,0,0,0,0,0,0.084507042
PF10507,lake,0,0,0.057142857,0,0,0.671428571,0.071428571,0,0,0.128571429,0,0,0,0,0,0.071428571
PF07289,lake,0,0,0.098765432,0,0,0.666666667,0.037037037,0.012345679,0,0.098765432,0,0,0,0,0,0.086419753
PF09799,lake,0,0,0.133333333,0,0.013333333,0.666666667,0.04,0,0,0.066666667,0,0,0,0,0,0.08
PF14995,lake,0,0,0.12195122,0,0,0.585365854,0.073170732,0,0,0.097560976,0,0,0,0,0,0.12195122
PF10152,lake,0,0,0.070422535,0,0,0.577464789,0.112676056,0.014084507,0,0.126760563,0,0,0,0,0,0.098591549
PF14469,lake,0,0,0.321428571,0,0,0.535714286,0,0,0,0.107142857,0,0,0,0,0,0.035714286
PF14687,lake,0,0,0.140625,0,0,0.515625,0.0625,0,0,0.140625,0,0,0,0,0,0.140625
PF13864,lake,0,0,0.183098592,0,0,0.507042254,0.084507042,0.014084507,0,0.112676056,0,0,0,0,0,0.098591549
PF14769,lake,0,0,0.176470588,0,0,0.323529412,0.088235294,0,0,0.205882353,0,0,0,0,0,0.205882353
PF08663,lake,0,0,0,0.027777778,0,0.027777778,0,0.861111111,0,0,0,0,0,0,0,0.083333334
PF01889,lake,0,0,0,0,0,0,0,0.931818182,0,0,0,0,0,0,0,0.068181818
PF04019,lake,0,0,0,0,0,0,0,0.785714286,0,0,0,0,0,0,0,0.214285715
PF04895,lake,0,0,0,0,0,0,0,0.736842105,0,0,0,0,0,0,0,0.263157895
PF06510,lake,0,0,0,0,0,0,0,0.941176471,0,0,0,0,0,0,0,0.058823529
PF06967,lake,0,0,0,0,0,0,0,0,0.8,0,0,0,0.2,0,0,0
PF08507,lake,0,0,0.865384615,0,0,0,0.025641026,0,0,0.057692308,0,0,0,0,0,0.051282051
PF08846,lake,0,0,0,0,0,0,0,0,1,0,0,0,0,0,0,0
PF08855,lake,0,0,0,0,0,0,0.222222222,0,0.277777778,0,0,0,0.444444444,0,0,0.055555556
PF08865,lake,0,0,0,0,0,0,0,0,1,0,0,0,0,0,0,0
PF09717,lake,0,0.166666667,0,0,0,0,0.166666667,0,0,0,0,0,0,0,0,0.666666667
PF09846,lake,0,0,0,0,0,0,0,0.951219512,0,0,0,0,0,0,0,0.048780488
PF09878,lake,0,0,0,0,0,0,0,1,0,0,0,0,0,0,0,0
PF10742,lake,0,0,0,0,0,0,0,0,1,0,0,0,0,0,0,0
PF10792,lake,0,0,0,0,0,0,0,0,1,0,0,0,0,0,0,0
PF10902,lake,0,0,0,0,1,0,0,0,0,0,0,0,0,0,0,0
PF11237,lake,0,0,0,0,0,0,0,0,1,0,0,0,0,0,0,0
PF11320,lake,0,0,0,0,0,0,0,0,1,0,0,0,0,0,0,0
PF11691,lake,0,0,0,0,0,0,0,0,1,0,0,0,0,0,0,0
PF13061,lake,0,1,0,0,0,0,0,0,0,0,0,0,0,0,0,0
PF14217,lake,0,0,0,0,0,0,0,0,1,0,0,0,0,0,0,0
PF16238,lake,0,0,0,0,0,0,0,0.2,0,0,0,0,0,0,0,0.8
PF17362,lake,0,1,0,0,0,0,0,0,0,0,0,0,0,0,0,0
PF06059,soil,1,0,0,0,0,0,0,0,0,0,0,0,0,0,0,0
PF06062,soil,1,0,0,0,0,0,0,0,0,0,0,0,0,0,0,0
PF06186,soil,1,0,0,0,0,0,0,0,0,0,0,0,0,0,0,0
PF06233,soil,1,0,0,0,0,0,0,0,0,0,0,0,0,0,0,0
PF06620,soil,1,0,0,0,0,0,0,0,0,0,0,0,0,0,0,0
PF06793,soil,1,0,0,0,0,0,0,0,0,0,0,0,0,0,0,0
PF07148,soil,1,0,0,0,0,0,0,0,0,0,0,0,0,0,0,0
PF07330,soil,1,0,0,0,0,0,0,0,0,0,0,0,0,0,0,0
PF07370,soil,1,0,0,0,0,0,0,0,0,0,0,0,0,0,0,0
PF09916,soil,1,0,0,0,0,0,0,0,0,0,0,0,0,0,0,0
PF09955,soil,1,0,0,0,0,0,0,0,0,0,0,0,0,0,0,0
PF10045,soil,1,0,0,0,0,0,0,0,0,0,0,0,0,0,0,0
PF10618,soil,1,0,0,0,0,0,0,0,0,0,0,0,0,0,0,0
PF10658,soil,1,0,0,0,0,0,0,0,0,0,0,0,0,0,0,0
PF10973,soil,1,0,0,0,0,0,0,0,0,0,0,0,0,0,0,0
PF10993,soil,1,0,0,0,0,0,0,0,0,0,0,0,0,0,0,0
PF11003,soil,1,0,0,0,0,0,0,0,0,0,0,0,0,0,0,0
PF11064,soil,1,0,0,0,0,0,0,0,0,0,0,0,0,0,0,0
PF11164,soil,1,0,0,0,0,0,0,0,0,0,0,0,0,0,0,0
PF11205,soil,1,0,0,0,0,0,0,0,0,0,0,0,0,0,0,0
PF11227,soil,1,0,0,0,0,0,0,0,0,0,0,0,0,0,0,0
PF11324,soil,1,0,0,0,0,0,0,0,0,0,0,0,0,0,0,0
PF11333,soil,1,0,0,0,0,0,0,0,0,0,0,0,0,0,0,0
PF11456,soil,1,0,0,0,0,0,0,0,0,0,0,0,0,0,0,0
PF11743,soil,1,0,0,0,0,0,0,0,0,0,0,0,0,0,0,0
PF11836,soil,1,0,0,0,0,0,0,0,0,0,0,0,0,0,0,0
PF12086,soil,1,0,0,0,0,0,0,0,0,0,0,0,0,0,0,0
PF12096,soil,1,0,0,0,0,0,0,0,0,0,0,0,0,0,0,0
PF12262,soil,1,0,0,0,0,0,0,0,0,0,0,0,0,0,0,0
PF13316,soil,1,0,0,0,0,0,0,0,0,0,0,0,0,0,0,0
PF13992,soil,1,0,0,0,0,0,0,0,0,0,0,0,0,0,0,0
PF15523,soil,1,0,0,0,0,0,0,0,0,0,0,0,0,0,0,0
PF16137,soil,1,0,0,0,0,0,0,0,0,0,0,0,0,0,0,0
PF16964,soil,1,0,0,0,0,0,0,0,0,0,0,0,0,0,0,0
PF16998,soil,1,0,0,0,0,0,0,0,0,0,0,0,0,0,0,0
PF17264,soil,1,0,0,0,0,0,0,0,0,0,0,0,0,0,0,0
PF17267,soil,1,0,0,0,0,0,0,0,0,0,0,0,0,0,0,0
PF17268,soil,1,0,0,0,0,0,0,0,0,0,0,0,0,0,0,0
PF17272,soil,1,0,0,0,0,0,0,0,0,0,0,0,0,0,0,0
PF17273,soil,1,0,0,0,0,0,0,0,0,0,0,0,0,0,0,0
PF17274,soil,1,0,0,0,0,0,0,0,0,0,0,0,0,0,0,0
PF17434,soil,1,0,0,0,0,0,0,0,0,0,0,0,0,0,0,0
PF17441,soil,1,0,0,0,0,0,0,0,0,0,0,0,0,0,0,0
PF10984,soil,0.997206704,0,0,0,0,0.002793296,0,0,0,0,0,0,0,0,0,0
PF09923,soil,0.997183099,0,0,0,0,0,0,0,0,0,0,0,0,0,0,0.002816901
PF11011,soil,0.997076023,0,0,0,0,0.002923977,0,0,0,0,0,0,0,0,0,0
PF11906,soil,0.996710526,0,0,0,0,0,0,0,0,0,0,0,0,0,0.003289474,0
PF10003,soil,0.995049505,0,0,0,0,0.002475248,0,0,0,0,0,0,0,0,0,0.002475248
PF05284,soil,0.994897959,0,0,0,0,0.005102041,0,0,0,0,0,0,0,0,0,0
PF09476,soil,0.994413408,0,0,0,0,0.005586592,0,0,0,0,0,0,0,0,0,0
PF14400,soil,0.993975904,0,0,0,0,0,0,0,0,0,0,0.006024096,0,0,0,0
PF12536,soil,0.993902439,0,0,0.006097561,0,0,0,0,0,0,0,0,0,0,0,0
PF12447,soil,0.992907801,0,0,0,0,0.007092199,0,0,0,0,0,0,0,0,0,0
PF12570,soil,0.992125984,0,0,0,0,0,0,0,0.007874016,0,0,0,0,0,0,0
PF11174,soil,0.991452991,0,0,0.004273504,0,0,0,0,0,0,0.004273504,0,0,0,0,0
PF11219,soil,0.989795918,0,0,0,0,0,0,0,0,0,0,0,0,0,0.010204082,0
PF09523,soil,0.988888889,0,0,0.011111111,0,0,0,0,0,0,0,0,0,0,0,0
PF12291,soil,0.988505747,0,0,0,0,0,0,0,0,0,0,0,0,0,0,0.011494253
PF16074,soil,0.988416988,0,0,0,0,0,0,0,0,0,0,0,0,0,0,0.011583012
PF09931,soil,0.987692308,0.006153846,0,0,0,0,0,0,0,0,0,0,0,0,0.003076923,0.003076923
PF12915,soil,0.987538941,0,0,0.00623053,0,0.003115265,0,0,0,0,0,0,0,0,0,0.003115265
PF07879,soil,0.986688852,0,0,0.003327787,0.003327787,0,0,0,0,0,0.001663894,0,0,0,0,0.004991681
PF11730,soil,0.985365854,0,0,0.014634146,0,0,0,0,0,0,0,0,0,0,0,0
PF07869,soil,0.984848485,0,0,0.005050505,0,0,0.005050505,0,0,0,0,0,0,0,0,0.005050505
PF09356,soil,0.984848485,0.009090909,0,0,0,0,0,0,0,0,0,0,0,0,0.003030303,0.003030303
PF12599,soil,0.984126984,0,0,0,0,0.007936508,0,0,0.007936508,0,0,0,0,0,0,0
PF09608,soil,0.983914209,0.010723861,0,0,0,0.002680965,0,0,0,0,0,0,0,0,0,0.002680965
PF06610,soil,0.983333333,0,0,0,0,0,0,0,0,0,0,0,0,0,0,0.016666667
PF12276,soil,0.983050847,0,0,0.005649718,0,0,0,0,0,0,0,0,0,0,0.005649718,0.005649718
PF13503,soil,0.983050847,0,0,0,0.008474576,0,0,0,0,0,0,0,0,0,0.008474576,0
PF12616,soil,0.982378855,0.013215859,0,0.004405286,0,0,0,0,0,0,0,0,0,0,0,0
PF05230,soil,0.981132075,0,0,0.009433962,0,0,0,0,0,0,0,0,0,0,0,0.009433962
PF07655,soil,0.980519481,0,0,0.006493506,0,0,0,0,0,0,0,0,0,0,0,0.012987012
PF06532,soil,0.980519481,0,0,0,0,0,0,0,0,0,0,0,0,0,0.012987013,0.006493506
PF04891,soil,0.98,0.01,0,0,0.01,0,0,0,0,0,0,0,0,0,0,0
PF06667,soil,0.979166667,0.005208333,0,0.010416667,0.005208333,0,0,0,0,0,0,0,0,0,0,0
PF14334,soil,0.977777778,0,0,0,0,0,0,0,0,0,0,0,0,0,0.011111111,0.011111112
PF06761,soil,0.975609756,0,0,0,0,0.003484321,0,0,0,0,0,0,0,0,0.006968641,0.013937283
PF10675,soil,0.97515528,0.00621118,0,0,0.01242236,0,0,0,0,0,0,0,0,0,0,0.00621118
PF10983,soil,0.974842767,0.018867925,0,0,0,0.003144654,0,0,0,0,0,0,0,0,0,0.003144654
PF06412,soil,0.974358974,0.012820513,0,0.012820513,0,0,0,0,0,0,0,0,0,0,0,0
PF09928,soil,0.973684211,0,0,0.022556391,0,0,0,0,0,0,0,0,0,0.003759398,0,0
PF16108,soil,0.973684211,0,0,0,0,0,0,0,0,0,0,0,0,0,0.026315789,0
PF04361,soil,0.973584906,0.01509434,0,0,0,0,0,0,0,0,0,0,0,0,0,0.011320755
PF13737,soil,0.973154362,0,0.006711409,0,0,0,0,0,0.006711409,0,0,0,0,0,0.006711409,0.006711409
PF16233,soil,0.972972973,0,0,0,0.013513514,0,0,0,0,0,0,0,0,0,0,0.013513514
PF06226,soil,0.970873786,0.006472492,0,0,0,0,0,0,0,0,0,0,0,0,0,0.022653722
PF07119,soil,0.970588235,0,0,0,0,0,0,0,0,0,0,0.014705882,0,0,0,0.014705882
PF11454,soil,0.97,0,0,0,0,0,0,0,0,0,0,0,0,0,0,0.03
PF12318,soil,0.96969697,0,0,0,0.03030303,0,0,0,0,0,0,0,0,0,0,0
PF06181,soil,0.966386555,0.00210084,0,0,0.010504202,0,0,0,0,0,0,0,0,0.004201681,0,0.016806722
PF07027,soil,0.966292135,0,0,0,0,0.003745318,0,0,0,0,0,0.003745318,0,0,0,0.026217228
PF11739,soil,0.965686275,0,0,0,0,0,0,0,0,0,0,0.004901961,0,0,0,0.029411765
PF18821,soil,0.964705882,0,0,0,0,0.023529412,0,0,0,0,0,0,0,0,0,0.011764706
PF06055,soil,0.964179104,0.002985075,0,0,0,0,0,0.002985075,0.011940299,0,0,0,0,0,0,0.017910448
PF07178,soil,0.960526316,0,0,0.013157895,0,0.013157895,0,0,0,0,0,0,0,0,0,0.013157895
PF11005,soil,0.958333333,0,0,0,0,0,0,0,0,0,0,0,0,0,0,0.041666667
PF12545,soil,0.955555556,0,0,0,0,0,0,0,0,0,0,0,0,0,0,0.044444444
PF16234,soil,0.953488372,0,0,0,0.034883721,0,0,0,0,0,0,0,0,0,0.011627907,0
PF08875,soil,0.952380952,0.023809524,0,0,0,0,0,0,0,0,0,0,0,0,0,0.023809524
PF11278,soil,0.951219512,0,0,0.024390244,0,0,0,0,0,0,0,0,0,0,0.024390244,0
PF11876,soil,0.947368421,0,0,0.052631579,0,0,0,0,0,0,0,0,0,0,0,0
PF15984,soil,0.947368421,0,0.026315789,0,0,0.026315789,0,0,0,0,0,0,0,0,0,0
PF04654,soil,0.945799458,0,0.008130081,0.002710027,0,0,0.037940379,0,0,0,0,0,0,0,0,0.005420054
PF09650,soil,0.944700461,0,0,0.004608295,0.032258065,0,0,0,0,0,0,0.00921659,0,0,0,0.00921659
PF04320,soil,0.944444444,0,0,0.009259259,0.027777778,0,0,0,0,0,0,0,0,0,0,0.018518518
PF14301,soil,0.942307692,0.019230769,0,0,0.019230769,0,0,0,0,0,0,0,0,0,0,0.019230769
PF11172,soil,0.941176471,0,0,0,0,0,0,0,0,0,0,0.008403361,0,0,0.008403361,0.042016807
PF11742,soil,0.939393939,0,0,0,0.03030303,0,0,0,0,0,0,0.015151515,0,0,0,0.015151515
PF06252,soil,0.9296875,0.0546875,0,0,0,0.0078125,0,0,0,0,0,0,0,0,0,0.0078125
PF15635,soil,0.928571429,0,0,0,0,0,0.071428571,0,0,0,0,0,0,0,0,0
PF07209,soil,0.926573427,0,0,0,0.052447552,0,0.006993007,0,0,0,0,0.006993007,0,0,0,0.006993006
PF14316,soil,0.915708812,0,0,0.011494253,0.038314176,0.003831418,0,0,0,0,0,0,0,0,0.007662835,0.022988506
PF11390,soil,0.914814815,0,0,0.081481481,0,0,0,0,0,0,0,0,0,0,0,0.003703704
PF12531,soil,0.911764706,0,0,0,0,0,0.009803922,0,0,0,0,0.058823529,0,0,0,0.019607844
PF09317,soil,0.91005291,0,0,0.044973545,0.005291005,0,0,0,0.005291005,0.023809524,0,0,0,0,0,0.010582011
PF11740,soil,0.903553299,0,0,0.081218274,0,0.005076142,0,0,0,0,0,0,0,0.005076142,0,0.005076142
PF14347,soil,0.898734177,0,0,0.006329114,0.063291139,0,0.025316456,0,0,0,0,0,0,0,0,0.006329114
PF06282,soil,0.896969697,0.03030303,0,0,0.048484848,0,0.012121212,0,0,0,0,0,0,0,0.012121212,0
PF05818,soil,0.886363636,0,0,0,0,0,0,0,0,0,0,0.022727273,0,0,0,0.090909091
PF11136,soil,0.876623377,0.032467532,0,0.077922078,0,0,0,0,0,0,0,0,0,0,0,0.012987013
PF11984,soil,0.866108787,0,0,0,0,0.0041841,0.0041841,0,0,0,0,0.025104603,0,0,0.020920502,0.079497906
PF11171,soil,0.854700855,0.025641026,0,0.008547009,0.102564103,0,0,0,0,0,0,0.008547009,0,0,0,0
PF11284,soil,0.852941176,0,0,0.088235294,0.058823529,0,0,0,0,0,0,0,0,0,0,0
PF15956,soil,0.851851852,0,0,0.037037037,0.111111111,0,0,0,0,0,0,0,0,0,0,0
PF12966,soil,0.848214286,0.017857143,0,0,0.071428571,0,0.008928571,0,0.017857143,0,0,0.017857143,0,0,0,0.017857142
PF18763,soil,0.842105263,0.052631579,0,0,0.052631579,0,0,0,0,0,0,0,0,0,0,0.052631579
PF08410,soil,0.833836858,0.009063444,0,0.135951662,0.021148036,0,0,0,0,0,0,0,0,0,0,0
PF12088,soil,0.828571429,0,0,0.014285714,0,0,0.014285714,0,0,0,0,0,0,0,0.071428571,0.071428571
PF17263,soil,0.826086957,0,0,0,0.108695652,0,0,0,0,0,0,0,0,0,0,0.065217391
PF03350,soil,0.810699588,0,0,0.086419753,0.022633745,0,0.024691358,0.00617284,0.002057613,0,0.00617284,0,0,0.018518519,0,0.022633745
PF08898,soil,0.8,0,0,0,0.2,0,0,0,0,0,0,0,0,0,0,0
PF11697,soil,0.793650794,0,0,0.055555556,0.031746032,0,0.015873016,0,0,0.023809524,0.007936508,0,0,0.055555556,0.007936508,0.007936508
PF13767,soil,0.772727273,0,0,0,0.170454545,0.005681818,0,0,0.022727273,0,0,0,0,0,0,0.02840909
PF17158,soil,0.770833333,0.104166667,0,0.125,0,0,0,0,0,0,0,0,0,0,0,0
PF09623,soil,0.765625,0.03125,0,0,0,0,0,0.015625,0,0,0.109375,0,0,0,0.015625,0.0625
PF14401,soil,0.760683761,0,0,0,0.205128205,0,0.004273504,0,0,0,0,0.012820513,0,0,0,0.017094016
PF11455,soil,0.756756757,0,0,0.216216216,0,0,0,0,0.013513514,0,0,0,0,0,0,0.013513514
PF09948,soil,0.738738739,0.004504505,0,0.171171171,0.027027027,0,0,0.027027027,0,0,0.013513514,0,0,0,0.009009009,0.00900901
PF11959,soil,0.732057416,0.066985646,0,0,0.086124402,0.004784689,0.004784689,0.028708134,0,0,0.004784689,0.019138756,0,0,0.004784689,0.04784689
PF18166,soil,0.727272727,0.090909091,0,0,0.181818182,0,0,0,0,0,0,0,0,0,0,0
PF10947,soil,0.725321888,0.193133047,0,0.021459227,0.021459227,0,0,0,0,0,0,0,0,0.004291845,0.004291845,0.030042917
PF09655,soil,0.722222222,0,0,0,0.166666667,0,0,0,0.111111111,0,0,0,0,0,0,0
PF07040,soil,0.720430108,0.005376344,0,0.198924731,0.010752688,0,0,0.021505376,0,0,0.010752688,0.010752688,0,0,0.010752688,0.010752688
PF18755,soil,0.718867925,0.018867925,0,0.152830189,0.01509434,0.049056604,0.011320755,0,0,0.01509434,0.011320755,0,0,0,0,0.007547168
PF15590,soil,0.714285714,0,0,0,0.214285714,0,0,0,0,0,0,0.071428571,0,0,0,0
PF15887,soil,0.711598746,0.006269592,0,0.156739812,0.081504702,0.003134796,0.003134796,0,0,0,0,0.012539185,0,0,0,0.02507837
PF10807,soil,0.705882353,0,0,0,0.294117647,0,0,0,0,0,0,0,0,0,0,0
PF09828,soil,0.699507389,0.009852217,0,0.118226601,0.157635468,0.004926108,0,0,0,0,0.004926108,0,0,0,0,0.004926108
PF10005,soil,0.696113074,0,0,0.176678445,0.091872792,0.003533569,0.003533569,0,0,0,0,0.014134276,0,0,0,0.014134276
PF09834,soil,0.690721649,0.00257732,0,0,0.262886598,0.00257732,0.005154639,0.030927835,0,0,0,0,0,0,0,0.00515464
PF18722,soil,0.689655172,0,0,0.172413793,0.137931034,0,0,0,0,0,0,0,0,0,0,0
PF13194,soil,0.683076923,0.003076923,0,0.018461538,0.138461538,0,0,0.089230769,0,0,0.006153846,0.003076923,0,0,0.012307692,0.046153845
PF11373,soil,0.681818182,0,0,0.075757576,0.181818182,0,0,0,0,0,0,0,0,0,0.045454545,0.015151515
PF10102,soil,0.675324675,0.038961039,0,0.025974026,0.142857143,0,0,0.038961039,0,0,0,0.012987013,0,0,0,0.064935065
PF04342,soil,0.673611111,0.002314815,0,0,0.270833333,0,0,0,0,0,0,0.006944444,0,0,0.006944444,0.039351853
PF04368,soil,0.673469388,0,0,0,0,0,0,0,0,0,0,0,0,0,0.12244898,0.204081633
PF13827,soil,0.666666667,0,0,0.276190476,0.019047619,0.019047619,0,0,0.00952381,0,0,0.00952381,0,0,0,0
PF09979,soil,0.661290323,0.225806452,0,0.016129032,0,0.016129032,0,0,0,0,0,0.016129032,0.032258065,0,0,0.032258064
PF11196,soil,0.658008658,0.043290043,0.047619048,0.181818182,0.043290043,0,0,0,0.004329004,0,0,0,0,0.012987013,0,0.008658008
PF11911,soil,0.652452026,0,0.307036247,0,0,0.017057569,0.012793177,0,0,0,0,0,0,0,0,0.01066098
PF08349,soil,0.649122807,0.245614035,0,0.052631579,0,0.002923977,0,0.005847953,0,0,0.002923977,0.005847953,0,0.002923977,0,0.032163744
PF17269,soil,0.638888889,0,0,0.194444444,0.027777778,0,0,0,0,0,0.027777778,0,0,0,0,0.111111112
PF03899,soil,0.624123422,0.342215989,0,0.023842917,0,0,0,0,0.001402525,0,0,0.001402525,0,0,0.004207574,0.00280505
PF09821,soil,0.610169492,0.050847458,0,0.163841808,0,0,0,0.016949153,0.005649718,0,0.039548023,0,0,0.011299435,0.033898305,0.067796613
PF18739,soil,0.609195402,0.114942529,0,0.063218391,0.120689655,0.005747126,0,0.028735632,0,0,0.005747126,0.017241379,0,0,0.005747126,0.028735631
PF18753,soil,0.606060606,0.060606061,0,0.03030303,0.242424242,0,0,0,0,0,0,0,0,0,0.03030303,0.03030303
PF09906,soil,0.6,0,0,0,0.353846154,0,0,0,0,0,0,0,0,0,0,0.046153846
PF08707,soil,0.594117647,0.094117647,0,0,0.2,0.005882353,0.005882353,0,0.005882353,0,0,0,0.041176471,0,0,0.052941177
PF15648,soil,0.592592593,0.037037037,0,0.296296296,0.074074074,0,0,0,0,0,0,0,0,0,0,0
PF09933,soil,0.590604027,0.020134228,0,0.348993289,0.006711409,0,0,0,0,0,0,0,0,0,0.033557047,0
PF14452,soil,0.583333333,0.052083333,0,0.135416667,0.177083333,0,0,0,0,0,0,0.020833333,0,0,0,0.031250001
PF12098,soil,0.576923077,0.019230769,0.009615385,0.278846154,0.076923077,0,0,0,0,0,0,0,0,0,0.009615385,0.028846155
PF14248,soil,0.575971731,0.007067138,0.035335689,0.204946996,0.144876325,0.007067138,0,0,0,0,0.007067138,0,0,0,0,0.017667845
PF09935,soil,0.574074074,0.092592593,0,0,0.268518519,0,0,0,0,0,0,0.009259259,0,0.009259259,0,0.046296297
PF18153,soil,0.571428571,0.102040816,0,0.142857143,0.142857143,0,0,0.020408163,0,0,0,0,0,0,0,0.020408163
PF06496,soil,0.564285714,0.235714286,0,0.128571429,0.057142857,0,0,0,0,0,0,0,0,0,0,0.014285714
PF14145,soil,0.56,0.182222222,0,0.2,0.004444444,0,0.004444444,0.008888889,0,0.035555556,0,0,0,0,0,0.004444444
PF13146,soil,0.56,0,0,0,0.2,0,0,0,0,0,0,0,0,0,0,0.24
PF18138,soil,0.555555556,0,0,0.111111111,0.277777778,0,0,0,0,0,0,0,0,0,0,0.055555556
PF13811,soil,0.546511628,0.081395349,0,0.325581395,0,0,0,0,0,0,0,0.011627907,0,0,0,0.034883721
PF18165,soil,0.542857143,0.057142857,0,0.171428571,0.171428571,0,0,0,0,0,0.028571429,0,0,0,0.028571429,0
PF14412,soil,0.540983607,0.180327869,0,0.081967213,0.163934426,0,0,0,0,0,0,0.008196721,0,0,0.008196721,0.016393442
PF13700,soil,0.532319392,0.171102662,0,0.243346008,0.02661597,0.003802281,0,0,0,0,0.003802281,0,0,0.015209125,0,0.003802281
PF15586,soil,0.53125,0.125,0,0.3125,0.03125,0,0,0,0,0,0,0,0,0,0,0
PF09601,soil,0.530805687,0,0,0,0.450236967,0.004739336,0,0,0.009478673,0,0,0,0,0,0,0.004739336
PF13282,soil,0.530434783,0.113043478,0,0.026086957,0.113043478,0,0,0,0.043478261,0,0.07826087,0.026086957,0,0,0.008695652,0.060869564
PF08905,soil,0.529801325,0.374172185,0,0.023178808,0,0,0,0.066225166,0,0,0,0,0,0,0,0.006622516
PF14355,soil,0.527777778,0.138888889,0,0.173611111,0.118055556,0.006944444,0,0.006944444,0,0,0,0,0,0,0,0.027777777
PF13769,soil,0.519553073,0.472067039,0,0.005586592,0,0,0,0,0,0,0,0,0,0,0,0.002793296
PF12487,soil,0.516129032,0.008064516,0,0.112903226,0.346774194,0,0,0,0,0,0,0,0,0,0,0.016129032
PF06037,soil,0.516129032,0,0,0,0.477419355,0,0,0,0,0,0,0,0,0,0,0.006451613
PF12843,soil,0.510204082,0.008163265,0.010204082,0,0.436734694,0.002040816,0.004081633,0,0,0,0,0.004081633,0,0,0,0.024489797
PF14213,soil,0.504587156,0.165137615,0,0.027522936,0.201834862,0.009174312,0,0.009174312,0,0,0.009174312,0.009174312,0,0,0,0.064220184
PF18134,soil,0.5,0.189189189,0,0.175675676,0.121621622,0.013513514,0,0,0,0,0,0,0,0,0,0
PF13084,soil,0.5,0,0,0,0.433333333,0,0,0,0,0,0,0,0,0,0,0.066666667
PF12225,soil,0.496183206,0.213740458,0,0.175572519,0,0,0,0.015267176,0,0,0,0.015267176,0,0,0,0.083969467
PF14333,soil,0.495652174,0,0,0.447826087,0.02173913,0,0,0.008695652,0,0,0.02173913,0,0,0,0,0.004347826
PF12358,soil,0.493506494,0.12987013,0,0.181818182,0.103896104,0,0,0,0,0,0.025974026,0,0,0,0.012987013,0.051948052
PF18145,soil,0.4921875,0.109375,0,0.21875,0.078125,0,0,0.0078125,0,0,0.0234375,0,0,0.0078125,0,0.0625
PF08899,soil,0.488095238,0,0,0.095238095,0,0,0,0,0,0,0,0.047619048,0,0.095238095,0.107142857,0.166666668
PF09490,soil,0.486486486,0,0,0.462462462,0,0,0,0.045045045,0,0,0,0,0,0,0.003003003,0.003003003
PF17278,soil,0.485714286,0.028571429,0,0.114285714,0.142857143,0.028571429,0,0,0,0,0.085714286,0.028571429,0,0,0.057142857,0.028571429
PF10008,soil,0.48,0.04,0,0,0.24,0,0,0,0,0,0,0,0,0,0.24,0
PF06149,soil,0.470873786,0.368932039,0,0.131067961,0,0,0,0,0,0,0,0,0,0,0,0.029126214
PF12532,soil,0.465909091,0.125,0,0.147727273,0.181818182,0,0,0,0,0,0.011363636,0.022727273,0,0.011363636,0,0.034090909
PF09965,soil,0.462962963,0.064814815,0,0.277777778,0.148148148,0.009259259,0.009259259,0,0,0,0,0,0,0,0.027777778,0
PF07274,soil,0.462264151,0.150943396,0,0.141509434,0.169811321,0,0,0,0,0,0.009433962,0,0,0.009433962,0.056603774,0
PF10754,soil,0.462264151,0.20754717,0,0,0.311320755,0,0,0,0,0,0,0.009433962,0,0,0,0.009433962
PF03626,soil,0.46177686,0.19731405,0,0.025826446,0.25,0.003099174,0.001033058,0.018595041,0,0,0.006198347,0.007231405,0,0.001033058,0.009297521,0.018595043
PF15607,soil,0.461538462,0.282051282,0,0.102564103,0.102564103,0.025641026,0,0,0,0,0,0,0,0,0,0.025641026
PF07758,soil,0.457142857,0.357142857,0,0,0,0,0,0.057142857,0.028571429,0,0,0.014285714,0,0,0,0.085714285
PF11225,soil,0.455555556,0.144444444,0,0.2,0.177777778,0,0,0,0,0,0,0,0,0,0,0.022222222
PF10861,soil,0.455,0,0,0.395,0.095,0,0.005,0,0.005,0,0,0.02,0,0,0,0.025
PF14110,soil,0.451219512,0.079268293,0,0.420731707,0,0,0,0,0,0,0.006097561,0.012195122,0,0.006097561,0,0.024390244
PF06127,soil,0.450079239,0.025356577,0.274167987,0.023771791,0.155309033,0.001584786,0.028526149,0,0,0.012678288,0,0.006339144,0,0,0.003169572,0.019017432
PF13761,soil,0.446808511,0.178723404,0,0.340425532,0.004255319,0,0.004255319,0.025531915,0,0,0,0,0,0,0,0
PF18860,soil,0.444444444,0.092592593,0,0.277777778,0.12962963,0.018518519,0,0,0,0,0.018518519,0,0,0,0,0.018518519
PF09990,soil,0.442477876,0.02359882,0.08259587,0.330383481,0.061946903,0,0,0,0.014749263,0,0.005899705,0.002949853,0,0.014749263,0,0.020648969
PF04336,soil,0.440979955,0.002227171,0,0.002227171,0.532293987,0.002227171,0,0,0.004454343,0,0,0.004454343,0,0,0.002227171,0.008908685
PF03981,soil,0.435950413,0.006198347,0.371900826,0.002066116,0,0.105371901,0.039256198,0,0,0.018595041,0,0,0,0,0.002066116,0.018595042
PF08747,soil,0.432624113,0.283687943,0,0.09929078,0.056737589,0,0,0.063829787,0,0,0.021276596,0.007092199,0,0.007092199,0.007092199,0.021276597
PF17159,soil,0.4296875,0.4296875,0,0,0.0625,0,0,0.0078125,0,0,0.0234375,0,0,0,0,0.046875
PF11322,soil,0.422018349,0,0,0,0.541284404,0,0.009174312,0,0,0,0,0.009174312,0,0,0,0.018348624
PF12040,soil,0.42,0,0,0,0.55,0,0.01,0,0,0,0,0,0,0,0,0.02
PF07077,soil,0.418604651,0.005167959,0,0.42118863,0.121447028,0,0,0,0.002583979,0,0.007751938,0,0,0.015503876,0.002583979,0.005167958
PF09900,soil,0.410526316,0.021052632,0,0.5,0,0,0,0,0.005263158,0,0.005263158,0.005263158,0,0,0.031578947,0.021052632
PF09951,soil,0.41025641,0.307692308,0.025641026,0.085470085,0.162393162,0,0.008547009,0,0,0,0,0,0,0,0,0
PF11272,soil,0.407894737,0.004385965,0.01754386,0.504385965,0.039473684,0.004385965,0,0,0,0,0,0.00877193,0,0,0.004385965,0.00877193
PF14487,soil,0.405228758,0.104575163,0,0.281045752,0.176470588,0,0,0,0,0,0.013071895,0,0,0.006535948,0.006535948,0.006535948
PF06348,soil,0.403061224,0.005102041,0,0.428571429,0.056122449,0,0,0.076530612,0,0,0,0,0,0.005102041,0.010204082,0.015306123
PF09952,soil,0.4,0.011111111,0,0.222222222,0.333333333,0,0,0,0,0,0,0,0,0,0.011111111,0.022222222
PF10004,soil,0.4,0.35,0,0.2,0,0,0,0,0,0,0,0,0,0,0,0.05
PF15603,soil,0.4,0.133333333,0,0,0.333333333,0,0,0,0,0,0,0,0,0,0,0.133333334
PF13664,soil,0.39893617,0.010638298,0.396276596,0,0,0.071808511,0.045212766,0.007978723,0.007978723,0,0,0.007978723,0,0,0.015957447,0.03723404
PF08894,soil,0.396226415,0,0.113207547,0.320754717,0.018867925,0,0,0,0.075471698,0,0.056603774,0,0,0,0,0.018867925
PF13208,soil,0.392405063,0.392405063,0,0.113924051,0.037974684,0,0.012658228,0.012658228,0,0,0,0.012658228,0,0,0,0.025316456
PF05675,soil,0.385665529,0.372013652,0,0.208191126,0.020477816,0,0,0,0,0,0.003412969,0,0,0.010238908,0,0
PF15639,soil,0.384615385,0,0,0,0.615384615,0,0,0,0,0,0,0,0,0,0,0
PF04577,soil,0.380952381,0.045112782,0.185463659,0.047619048,0.097744361,0.127819549,0.045112782,0.012531328,0.005012531,0.022556391,0,0.002506266,0,0.002506266,0.005012531,0.020050127
PF10081,soil,0.377272727,0,0,0.613636364,0,0,0.004545455,0,0,0,0,0,0,0,0,0.004545455
PF00839,soil,0.376237624,0,0.03960396,0,0,0.495049505,0.03960396,0,0,0,0,0,0,0,0,0.04950495
PF13079,soil,0.375,0.5625,0,0,0,0,0,0,0,0,0,0,0,0,0,0.0625
PF04250,soil,0.374371859,0.077889447,0.002512563,0.354271357,0.040201005,0,0.002512563,0.052763819,0.010050251,0,0.022613065,0.005025126,0,0.005025126,0,0.05276382
PF13852,soil,0.373170732,0,0,0,0.624390244,0,0,0,0,0,0,0,0,0,0.002439024,0
PF06119,soil,0.369565217,0,0.043478261,0.02173913,0.010869565,0.543478261,0,0,0,0,0,0,0,0,0,0.010869565
PF04784,soil,0.365853659,0,0.012195122,0,0.356707317,0.073170732,0.057926829,0.039634146,0.00304878,0.027439024,0.00304878,0,0,0,0.00304878,0.057926824
PF07179,soil,0.36377709,0.075851393,0,0.530959752,0.023219814,0,0,0.003095975,0,0,0,0,0,0,0,0.003095976
PF17792,soil,0.363636364,0.121212121,0,0,0,0,0.03030303,0,0.151515152,0,0.060606061,0.212121212,0,0,0,0.06060606
PF11750,soil,0.362944162,0.144670051,0,0.088832487,0.362944162,0.002538071,0,0.002538071,0.002538071,0,0.010152284,0.005076142,0.007614213,0,0,0.010152284
PF13006,soil,0.358490566,0,0,0.594339623,0,0,0,0,0,0,0.018867925,0.028301887,0,0,0,0
PF14321,soil,0.355311355,0.007326007,0,0,0.516483516,0,0,0.084249084,0,0,0.007326007,0,0,0.003663004,0.003663004,0.021978023
PF10544,soil,0.350588235,0.096470588,0.268235294,0.157647059,0.058823529,0.002352941,0.002352941,0.002352941,0,0.002352941,0,0.002352941,0.007058824,0,0.004705882,0.044705881
PF08570,soil,0.347161572,0.045851528,0.26419214,0.11790393,0.19650655,0.002183406,0.002183406,0,0,0,0,0,0,0,0.002183406,0.02183406
PF18733,soil,0.344827586,0.275862069,0,0.103448276,0.206896552,0,0,0.034482759,0,0,0,0,0,0,0,0.034482759
PF02596,soil,0.344537815,0.319327731,0,0.033613445,0.142857143,0,0,0.084033613,0,0,0.042016807,0,0,0,0,0.033613444
PF08861,soil,0.339622642,0.433962264,0,0.150943396,0.075471698,0,0,0,0,0,0,0,0,0,0,0
PF14330,soil,0.339181287,0.18128655,0.298245614,0.157894737,0.023391813,0,0,0,0,0,0,0,0,0,0,0
PF13548,soil,0.33401222,0.016293279,0,0.360488798,0.217922607,0,0,0,0.00610998,0,0.024439919,0,0,0.016293279,0.014256619,0.0101833
PF14105,soil,0.333333333,0,0,0,0,0,0,0,0.333333333,0,0,0,0.333333333,0,0,0
PF14411,soil,0.326530612,0.428571429,0,0.06122449,0.142857143,0,0,0,0,0,0.020408163,0,0,0,0,0.020408163
PF18186,soil,0.322580645,0.258064516,0,0.290322581,0.032258065,0.032258065,0,0,0,0,0.032258065,0,0,0,0,0.032258065
PF15428,soil,0.322580645,0.290322581,0,0.080645161,0.258064516,0,0,0,0,0,0.016129032,0,0,0,0.016129032,0.016129032
PF18181,soil,0.320987654,0.012345679,0,0.567901235,0.086419753,0,0,0,0,0,0,0,0,0,0,0.012345679
PF18731,soil,0.3203125,0.03125,0,0.3046875,0.1640625,0.0078125,0,0,0.0078125,0.0078125,0.0390625,0.0078125,0,0.0234375,0.0234375,0.0625
PF18184,soil,0.316666667,0.016666667,0,0.55,0.116666667,0,0,0,0,0,0,0,0,0,0,0
PF04555,soil,0.315789474,0.026315789,0,0.5,0.052631579,0,0,0.026315789,0,0,0,0.026315789,0,0,0,0.052631579
PF10865,soil,0.315789474,0.289473684,0.026315789,0.131578947,0.026315789,0,0,0.131578947,0,0,0.026315789,0,0,0,0,0.052631578
PF16872,soil,0.313953488,0.104651163,0,0,0.546511628,0,0,0,0,0,0,0.011627907,0,0,0,0.023255814
PF14216,soil,0.31092437,0.008403361,0.033613445,0.462184874,0.008403361,0,0,0,0,0.008403361,0,0,0.12605042,0.008403361,0,0.033613446
PF08892,soil,0.310204082,0.293877551,0.065306122,0.114285714,0.106122449,0.008163265,0,0.085714286,0,0,0,0,0,0.016326531,0,0
PF14112,soil,0.3,0.35,0,0.083333333,0.266666667,0,0,0,0,0,0,0,0,0,0,0
PF10517,soil,0.293375394,0.022082019,0.034700315,0.337539432,0.094637224,0.138801262,0.031545741,0.003154574,0.015772871,0,0,0,0,0.009463722,0.006309148,0.012618296
PF01927,soil,0.292479109,0.008356546,0.011142061,0.314763231,0.04735376,0.086350975,0.04178273,0.08913649,0.002785515,0.019498607,0.019498607,0,0,0,0.002785515,0.064066849
PF10162,soil,0.285714286,0,0.012987013,0,0.246753247,0.155844156,0.051948052,0.051948052,0,0.064935065,0,0.038961039,0,0.051948052,0,0.038961039
PF14106,soil,0.283464567,0.251968504,0,0.244094488,0.181102362,0,0,0,0,0,0,0,0,0.015748031,0,0.023622047
PF13785,soil,0.279461279,0.255892256,0,0.2996633,0.144781145,0,0,0,0.003367003,0,0,0,0,0,0.003367003,0.013468013
PF14079,soil,0.277992278,0.166023166,0.023166023,0.11969112,0.359073359,0.003861004,0,0.011583012,0,0.015444015,0.007722008,0,0,0,0.011583012,0.003861004
PF18847,soil,0.277777778,0.277777778,0,0.166666667,0.277777778,0,0,0,0,0,0,0,0,0,0,0
PF13783,soil,0.277665996,0.16498994,0,0.444668008,0.062374245,0,0,0.030181087,0.002012072,0,0.002012072,0.00804829,0,0,0.002012072,0.006036217
PF04664,soil,0.277108434,0,0.506024096,0,0,0.096385542,0.012048193,0,0,0,0,0.012048193,0,0,0,0.096385543
PF03690,soil,0.276699029,0.031553398,0.439320388,0.009708738,0.004854369,0.118932039,0.046116505,0,0,0.02184466,0,0,0,0,0,0.050970872
PF08874,soil,0.271604938,0.345679012,0,0.012345679,0.362139918,0,0,0,0,0,0,0,0,0,0.004115226,0.004115226
PF14096,soil,0.27027027,0.351351351,0,0.081081081,0.216216216,0,0,0,0,0,0,0.054054054,0,0.027027027,0,0
PF14206,soil,0.267123288,0.301369863,0.006849315,0.287671233,0.082191781,0,0,0.01369863,0,0,0.020547945,0.01369863,0,0,0,0.006849315
PF05117,soil,0.266666667,0.109090909,0,0.248484848,0.36969697,0,0,0,0,0,0,0,0,0,0.006060606,0
PF06923,soil,0.266666667,0.616666667,0,0.108333333,0,0,0,0,0,0,0.008333333,0,0,0,0,0
PF13330,soil,0.266666667,0,0,0,0,0.733333333,0,0,0,0,0,0,0,0,0,0
PF14136,soil,0.265625,0.171875,0,0.34375,0.15625,0.015625,0,0,0,0,0,0.015625,0,0.015625,0,0.015625
PF15649,soil,0.263157895,0.052631579,0,0.526315789,0.105263158,0,0,0,0,0,0,0,0,0,0,0.052631579
PF12395,soil,0.261904762,0.492063492,0,0,0.246031746,0,0,0,0,0,0,0,0,0,0,0
PF14094,soil,0.260869565,0.165217391,0.017391304,0.313043478,0.2,0,0,0,0,0,0,0.026086957,0,0,0,0.017391304
PF14104,soil,0.255813953,0.418604651,0,0.11627907,0,0,0,0.023255814,0.046511628,0,0.023255814,0.023255814,0,0.069767442,0,0.023255814
PF13455,soil,0.254901961,0.049019608,0.401960784,0.12254902,0.107843137,0.009803922,0,0,0,0,0,0.009803922,0.009803922,0,0,0.034313727
PF14460,soil,0.252873563,0.172413793,0,0,0.517241379,0,0,0,0,0,0.011494253,0,0,0.034482759,0.011494253,0
PF13113,soil,0.25,0.5,0,0.25,0,0,0,0,0,0,0,0,0,0,0,0
PF18865,soil,0.25,0,0,0.25,0.4375,0,0,0.0625,0,0,0,0,0,0,0,0
PF14454,soil,0.25,0,0,0,0.6875,0,0,0,0,0,0,0,0,0.046875,0.015625,0
PF16468,soil,0.25,0.666666667,0,0,0,0,0,0,0,0,0,0,0.041666667,0,0,0.041666667
PF15580,soil,0.24,0.3,0,0.3,0.1,0,0,0,0,0,0,0,0,0.04,0.02,0
PF15599,soil,0.238095238,0.238095238,0,0.19047619,0.333333333,0,0,0,0,0,0,0,0,0,0,0
PF14343,soil,0.23699422,0.410404624,0,0.005780347,0.225433526,0,0,0.005780347,0,0,0,0,0,0.069364162,0.011560694,0.034682081
PF14117,soil,0.23180593,0.002695418,0,0.582210243,0.164420485,0,0,0,0,0,0.002695418,0.002695418,0,0.010781671,0,0.002695418
PF11259,soil,0.230769231,0,0,0.615384615,0.128205128,0,0,0,0,0,0,0,0,0.012820513,0.012820513,0
PF14102,soil,0.230088496,0.300884956,0,0.362831858,0.008849558,0,0,0.079646018,0,0,0,0,0,0,0,0.017699115
PF04411,soil,0.221238938,0.575221239,0,0,0.123893805,0,0,0.017699115,0,0,0.026548673,0,0,0.008849558,0.008849558,0.017699116
PF14018,soil,0.217391304,0.339130435,0,0.365217391,0.060869565,0,0,0.008695652,0,0,0,0,0,0,0,0.008695652
PF01955,soil,0.21448468,0.376044568,0,0.264623955,0.005571031,0,0,0.100278552,0,0,0.008356546,0,0,0.002785515,0,0.027855153
PF10020,soil,0.209302326,0.395348837,0.023255814,0.093023256,0.209302326,0.023255814,0,0,0,0,0,0.023255814,0,0,0,0.023255814
PF04256,soil,0.206349206,0.285714286,0,0,0.349206349,0,0,0.031746032,0,0,0,0.063492063,0,0,0,0.063492064
PF14078,soil,0.205298013,0.066225166,0,0.556291391,0.092715232,0,0,0,0,0,0.006622517,0.013245033,0,0.046357616,0,0.013245033
PF11937,soil,0.205020921,0,0.606694561,0.138075314,0.0041841,0.0041841,0.008368201,0,0,0,0,0.0041841,0,0,0.020920502,0.0083682
PF11202,soil,0.201923077,0.230769231,0,0.543269231,0,0,0,0,0,0,0,0,0,0.014423077,0,0.009615384
PF14020,soil,0.201005025,0.190954774,0,0.457286432,0.120603015,0.005025126,0,0,0,0,0.005025126,0.005025126,0,0,0.005025126,0.010050252
PF14208,soil,0.2,0.8,0,0,0,0,0,0,0,0,0,0,0,0,0,0
PF12500,soil,0.197044335,0.231527094,0,0.556650246,0,0,0,0,0,0,0,0,0,0.009852217,0,0.004926108
PF06197,soil,0.190566038,0.124528302,0.013207547,0.520754717,0.064150943,0,0,0.043396226,0.001886792,0,0.01509434,0,0,0.001886792,0,0.0245283
PF13160,soil,0.188235294,0.205882353,0,0.352941176,0.217647059,0,0,0.005882353,0,0,0.005882353,0,0,0.017647059,0,0.005882353
PF15601,soil,0.1875,0.625,0,0.125,0.0625,0,0,0,0,0,0,0,0,0,0,0
PF14353,soil,0.186440678,0.440677966,0,0.033898305,0.033898305,0,0,0.016949153,0,0,0.237288136,0,0,0,0,0.050847459
PF10002,soil,0.18359375,0.34765625,0,0.3671875,0.05078125,0,0,0.03515625,0,0,0.00390625,0.00390625,0,0.0078125,0,0
PF07485,soil,0.183206107,0.473282443,0,0.160305344,0.129770992,0,0,0,0,0,0,0,0.038167939,0,0.007633588,0.007633588
PF11815,soil,0.178988327,0,0.677042802,0,0,0,0.070038911,0,0,0.035019455,0,0,0,0,0,0.038910507
PF09656,soil,0.174157303,0.016853933,0,0.778089888,0.002808989,0,0,0,0,0,0,0.005617978,0,0,0,0.022471911
PF11755,soil,0.172413793,0.141065831,0,0.551724138,0,0,0.003134796,0.081504702,0,0,0.015673981,0.003134796,0,0,0.018808777,0.012539184
PF13031,soil,0.171717172,0.611111111,0,0.075757576,0.101010101,0,0,0.015151515,0,0,0,0,0,0,0.005050505,0.02020202
PF14081,soil,0.17032967,0.010989011,0,0.67032967,0.126373626,0,0,0,0.005494505,0,0,0.005494505,0,0,0.010989011,0
PF11338,soil,0.17,0,0.316666667,0.446666667,0.053333333,0.003333333,0.003333333,0,0,0,0,0,0,0,0,0.006666666
PF13787,soil,0.165876777,0.379146919,0.023696682,0.27014218,0.085308057,0,0,0.004739336,0,0,0.023696682,0.009478673,0,0,0.004739336,0.033175353
PF14137,soil,0.165137615,0.211009174,0,0.266055046,0.311926606,0,0,0,0,0,0,0.009174312,0,0.009174312,0,0.027522936
PF16169,soil,0.161904762,0.080952381,0,0.333333333,0.380952381,0,0,0.019047619,0,0,0.023809524,0,0,0,0,0
PF17198,soil,0.16,0,0,0.84,0,0,0,0,0,0,0,0,0,0,0,0
PF17319,soil,0.153846154,0.153846154,0,0,0.628205128,0,0,0,0,0,0,0,0,0,0.012820513,0.051282052
PF14251,soil,0.15,0.05,0,0,0,0,0.05,0.4,0.25,0,0,0,0,0,0,0.1
PF16138,soil,0.14893617,0.191489362,0,0,0.64893617,0,0,0,0,0,0,0,0,0,0,0.010638298
PF14014,soil,0.147843943,0.143737166,0,0.250513347,0.41889117,0.002053388,0,0,0,0,0.006160164,0.002053388,0,0,0.012320329,0.016427104
PF15588,soil,0.142857143,0.028571429,0.257142857,0.428571429,0.114285714,0,0,0,0,0,0,0.028571429,0,0,0,0
PF12263,soil,0.142857143,0,0,0,0,0,0.607142857,0,0.178571429,0,0,0.035714286,0,0,0,0.035714286
PF13777,soil,0.139158576,0.236245955,0,0.372168285,0.210355987,0,0.003236246,0,0,0,0.019417476,0,0,0.009708738,0.006472492,0.003236246
PF14063,soil,0.138339921,0,0,0.075098814,0.747035573,0.003952569,0,0,0,0,0,0.003952569,0,0,0.023715415,0.007905138
PF11345,soil,0.137931034,0.482758621,0,0.206896552,0.034482759,0,0,0,0,0,0.034482759,0,0,0,0.068965517,0.034482759
PF13910,soil,0.137931034,0.103448276,0.172413793,0.086206897,0.172413793,0.120689655,0,0.017241379,0,0.103448276,0,0,0,0.017241379,0,0.068965517
PF11392,soil,0.134328358,0.373134328,0,0.425373134,0,0,0,0,0,0,0.02238806,0,0,0,0,0.044776121
PF16116,soil,0.132231405,0.223140496,0.024793388,0.214876033,0.272727273,0.008264463,0.008264463,0,0,0,0.016528926,0.016528926,0,0.024793388,0.008264463,0.049586777
PF13223,soil,0.13003096,0.00619195,0,0.857585139,0,0,0,0,0,0,0,0,0,0.003095975,0.003095975,0
PF11866,soil,0.125,0,0,0,0,0,0,0,0.3125,0,0,0.125,0,0.1875,0,0.25
PF12588,soil,0.123188406,0.007246377,0.746376812,0.057971014,0.036231884,0.007246377,0,0,0,0,0,0,0,0,0,0.021739131
PF11236,soil,0.122727273,0.022727273,0,0.402272727,0.409090909,0.004545455,0,0,0,0,0.009090909,0.004545455,0,0,0.015909091,0.009090908
PF10990,soil,0.120401338,0.160535117,0,0.287625418,0.391304348,0.003344482,0,0,0.006688963,0,0,0.010033445,0,0,0.013377926,0.006688964
PF09858,soil,0.115942029,0.333333333,0,0,0.101449275,0,0,0.130434783,0.028985507,0,0.202898551,0,0,0,0.028985507,0.057971015
PF15567,soil,0.114754098,0,0,0.836065574,0.032786885,0,0,0,0,0,0,0,0,0.016393443,0,0
PF09969,soil,0.114649682,0.27388535,0,0.401273885,0.006369427,0,0.006369427,0,0,0,0.031847134,0.025477707,0,0.006369427,0.038216561,0.095541402
PF13788,soil,0.112554113,0.229437229,0,0.354978355,0.233766234,0,0,0,0,0,0.025974026,0,0,0.03030303,0,0.012987013
PF14062,soil,0.112426036,0.088757396,0,0.715976331,0.071005917,0,0,0,0,0,0.01183432,0,0,0,0,0
PF16266,soil,0.111111111,0,0,0.055555556,0.814814815,0,0,0,0,0,0,0,0,0,0,0.018518519
PF13803,soil,0.110047847,0.124401914,0,0.574162679,0.167464115,0,0,0.004784689,0,0,0,0,0,0,0.004784689,0.014354067
PF14024,soil,0.108695652,0.073913043,0.008695652,0.608695652,0.169565217,0,0,0.013043478,0,0,0,0.008695652,0,0,0.004347826,0.004347826
PF15585,soil,0.107142857,0.178571429,0,0.5,0.071428571,0,0,0,0,0,0,0.035714286,0,0.071428571,0,0.035714286
PF15595,soil,0.106060606,0.166666667,0.015151515,0.439393939,0.227272727,0,0,0.015151515,0,0,0,0.015151515,0,0.015151515,0,0
PF06868,soil,0.105263158,0.210526316,0,0.052631579,0,0,0,0,0.263157895,0,0.315789474,0,0,0,0,0.052631579
PF14434,soil,0.105263158,0.842105263,0.052631579,0,0,0,0,0,0,0,0,0,0,0,0,0
PF04457,soil,0.101796407,0,0.568862275,0.143712575,0,0.083832335,0.005988024,0.023952096,0,0.023952096,0,0.005988024,0,0,0,0.041916168
PF07314,soil,0.1,0.69047619,0,0.147619048,0,0,0,0,0,0,0.042857143,0,0,0,0,0.019047619
PF14119,soil,0.095744681,0.095744681,0,0.223404255,0.521276596,0,0,0,0,0,0.042553191,0.010638298,0,0,0,0.010638298
PF08847,soil,0.095238095,0,0,0,0.095238095,0,0.571428571,0,0.238095238,0,0,0,0,0,0,0
PF13197,soil,0.09375,0.015625,0,0,0.109375,0,0,0.5625,0,0,0.109375,0.046875,0,0,0,0.0625
PF16315,soil,0.09375,0,0,0,0.84375,0.03125,0,0,0,0,0,0,0,0,0,0.03125
PF07843,soil,0.089655172,0.303448276,0,0.013793103,0.455172414,0,0,0.006896552,0,0,0.027586207,0.006896552,0,0.006896552,0.020689655,0.068965518
PF03596,soil,0.088235294,0.279411765,0.093137255,0.509803922,0.019607843,0,0,0.004901961,0,0,0,0,0,0,0,0.004901961
PF10978,soil,0.087837838,0.601351351,0,0.243243243,0,0,0,0,0.006756757,0,0.054054054,0,0,0.006756757,0,0
PF04240,soil,0.086567164,0.128358209,0,0.274626866,0.310447761,0,0,0.095522388,0.008955224,0,0.014925373,0,0,0.026865672,0.002985075,0.05074627
PF14124,soil,0.084821429,0.004464286,0.285714286,0.464285714,0.102678571,0,0.004464286,0,0,0.008928571,0.017857143,0.013392857,0,0,0,0.013392857
PF14431,soil,0.083333333,0.033333333,0,0.875,0.008333333,0,0,0,0,0,0,0,0,0,0,0
PF10905,soil,0.083333333,0.041666667,0,0.645833333,0.229166667,0,0,0,0,0,0,0,0,0,0,0
PF13814,soil,0.083333333,0.296875,0,0.59375,0.005208333,0,0,0,0,0,0.015625,0,0,0,0,0.005208333
PF14219,soil,0.080168776,0.042194093,0,0.801687764,0.054852321,0.004219409,0,0,0,0,0.008438819,0.004219409,0,0,0,0.004219409
PF18183,soil,0.076923077,0,0,0.91025641,0.012820513,0,0,0,0,0,0,0,0,0,0,0
PF13858,soil,0.075987842,0,0,0,0.890577508,0.003039514,0,0,0,0,0,0,0,0,0.006079027,0.024316109
PF14273,soil,0.074626866,0,0.320895522,0.582089552,0,0,0,0,0,0.02238806,0,0,0,0,0,0
PF14242,soil,0.072992701,0.532846715,0,0.116788321,0.138686131,0,0,0,0.00729927,0,0.065693431,0,0,0.00729927,0,0.05839416
PF03181,soil,0.071428571,0,0.071428571,0,0,0,0.857142857,0,0,0,0,0,0,0,0,0
PF10290,soil,0.069767442,0,0.802325581,0,0,0,0,0,0,0.104651163,0,0,0,0,0,0.023255814
PF12647,soil,0.068627451,0.303921569,0,0.431372549,0,0,0,0,0,0,0.068627451,0.009803922,0,0.078431373,0,0.039215687
PF06626,soil,0.068493151,0,0,0.808219178,0.054794521,0,0,0.01369863,0,0,0,0,0,0.02739726,0,0.02739726
PF08685,soil,0.0625,0,0.0625,0.0625,0,0.796875,0,0,0,0,0,0,0,0.015625,0,0
PF03000,soil,0.0625,0.0625,0,0,0,0.125,0.75,0,0,0,0,0,0,0,0,0
PF14771,soil,0.061946903,0,0.044247788,0,0.681415929,0.10619469,0.026548673,0,0,0.053097345,0,0,0.008849558,0,0,0.017699115
PF13798,soil,0.06122449,0.87755102,0,0,0,0,0,0,0,0,0,0,0,0,0.06122449,0
PF10552,soil,0.059701493,0.910447761,0,0,0.029850746,0,0,0,0,0,0,0,0,0,0,0
PF13030,soil,0.059259259,0.57037037,0,0.014814815,0.281481481,0,0.007407407,0.007407407,0.007407407,0,0.007407407,0.007407407,0,0,0.037037037,0
PF08381,soil,0.058823529,0,0,0,0,0,0.941176471,0,0,0,0,0,0,0,0,0
PF09579,soil,0.058659218,0.731843575,0,0.12849162,0.044692737,0,0,0.027932961,0,0,0.002793296,0,0,0,0,0.005586592
PF15071,soil,0.056603774,0,0,0,0.783018868,0.094339623,0.037735849,0,0,0,0,0,0,0,0,0.028301887
PF07466,soil,0.055555556,0,0,0,0,0,0.472222222,0,0.138888889,0,0,0,0,0.305555556,0,0.027777778
PF11283,soil,0.052631579,0.473684211,0,0,0,0,0,0,0.105263158,0,0,0,0,0.315789474,0,0.052631578
PF07173,soil,0.048913043,0,0.706521739,0,0,0.108695652,0.086956522,0,0,0.02173913,0,0,0.005434783,0,0,0.021739132
PF05121,soil,0.048128342,0.229946524,0,0.64171123,0,0,0,0.064171123,0.005347594,0,0.005347594,0,0,0,0,0.005347594
PF14340,soil,0.046341463,0.195121951,0,0.646341463,0.065853659,0,0.004878049,0,0,0,0.012195122,0,0,0.017073171,0,0.012195121
PF14275,soil,0.044117647,0.911764706,0,0.044117647,0,0,0,0,0,0,0,0,0,0,0,0
PF11827,soil,0.042918455,0,0,0,0.922746781,0.004291845,0,0,0,0,0,0.004291845,0,0,0.004291845,0.021459226
PF14158,soil,0.041666667,0.625,0,0.180555556,0,0,0,0.083333333,0,0,0.027777778,0,0,0,0,0.041666667
PF13562,soil,0.04137931,0,0,0,0.889655172,0,0.003448276,0,0,0,0.003448276,0.024137931,0,0,0,0.037931035
PF07098,soil,0.04,0.4,0,0.535,0.025,0,0,0,0,0,0,0,0,0,0,0
PF09353,soil,0.04,0,0,0,0,0,0.72,0,0.2,0,0,0,0,0,0,0.04
PF07301,soil,0.03960396,0.876237624,0,0.059405941,0,0.004950495,0,0.004950495,0,0,0,0,0,0,0.00990099,0.004950495
PF14101,soil,0.038461538,0.961538462,0,0,0,0,0,0,0,0,0,0,0,0,0,0
PF09529,soil,0.036764706,0.573529412,0,0.227941176,0.029411765,0,0,0,0,0,0.014705882,0.003676471,0,0,0,0.113970589
PF12952,soil,0.035714286,0.785714286,0,0.142857143,0.035714286,0,0,0,0,0,0,0,0,0,0,0
PF14129,soil,0.029900332,0,0,0,0.956810631,0.003322259,0,0,0,0,0,0,0,0,0,0.009966777
PF14100,soil,0.029739777,0.022304833,0.007434944,0.516728625,0.342007435,0,0.003717472,0.003717472,0,0,0.007434944,0.022304833,0,0,0.018587361,0.026022304
PF07099,soil,0.029411765,0.417647059,0,0.094117647,0.423529412,0,0,0,0.023529412,0,0.011764706,0,0,0,0,0
PF10343,soil,0.02919708,0,0.609489051,0.003649635,0,0.204379562,0.065693431,0,0,0.02919708,0.02189781,0,0,0,0,0.03649635
PF14168,soil,0.028776978,0.949640288,0,0.007194245,0,0,0,0,0,0,0.014388489,0,0,0,0,0
PF14904,soil,0.027027027,0,0.162162162,0,0,0.675675676,0.054054054,0,0,0.081081081,0,0,0,0,0,0
PF12648,soil,0.025974026,0.649350649,0,0.324675325,0,0,0,0,0,0,0,0,0,0,0,0
PF14289,soil,0.025179856,0,0,0,0.971223022,0.003597122,0,0,0,0,0,0,0,0,0,0
PF11303,soil,0.024539877,0.021472393,0.012269939,0.788343558,0,0.107361963,0,0.009202454,0,0,0.003067485,0,0,0.030674847,0,0.003067485
PF16334,soil,0.024242424,0.060606061,0.36969697,0.060606061,0.412121212,0,0,0,0,0,0.006060606,0.012121212,0,0,0.024242424,0.03030303
PF17248,soil,0.023529412,0.764705882,0,0.105882353,0,0,0,0,0,0,0.058823529,0,0,0.047058824,0,0
PF07760,soil,0.022222222,0.066666667,0,0.088888889,0,0,0,0.688888889,0,0,0.044444444,0,0,0.022222222,0,0.066666667
PF05241,soil,0.021276596,0,0.757446809,0.042553191,0.004255319,0.038297872,0.076595745,0,0,0.017021277,0.004255319,0,0,0.004255319,0,0.034042552
PF17103,soil,0.02,0.015,0.115,0.615,0.04,0.135,0,0,0,0.045,0,0,0,0,0,0.015
PF06207,soil,0.019455253,0.964980545,0,0,0,0,0,0.015564202,0,0,0,0,0,0,0,0
PF14041,soil,0.018518519,0.018518519,0,0.962962963,0,0,0,0,0,0,0,0,0,0,0,0
PF11875,soil,0.018518519,0,0.546296296,0.00462963,0,0.24537037,0.083333333,0,0,0.041666667,0,0,0,0,0,0.060185186
PF09876,soil,0.018181818,0.163636364,0,0,0,0,0.054545455,0.581818182,0.090909091,0,0,0,0,0,0,0.090909091
PF11913,soil,0.018181818,0,0.890909091,0,0.045454545,0,0.027272727,0,0,0,0,0,0,0,0,0.018181818
PF18474,soil,0.018181818,0,0.254545455,0,0,0.727272727,0,0,0,0,0,0,0,0,0,0
PF11084,soil,0.017142857,0.982857143,0,0,0,0,0,0,0,0,0,0,0,0,0,0
PF05042,soil,0.016129032,0,0.846774194,0,0,0,0.129032258,0,0,0,0,0,0,0,0,0.008064516
PF10823,soil,0.015706806,0.130890052,0,0.732984293,0.052356021,0,0,0.005235602,0,0,0.047120419,0,0,0.010471204,0,0.005235602
PF12550,soil,0.015625,0,0.90625,0,0,0,0.03125,0,0,0.03125,0,0,0,0,0,0.015625
PF01940,soil,0.015418502,0.211453744,0.370044053,0.004405286,0.081497797,0.063876652,0.04185022,0.094713656,0.011013216,0.019823789,0.019823789,0,0,0.004405286,0.011013216,0.050660793
PF11255,soil,0.014285714,0.025,0,0.75,0,0,0.053571429,0.103571429,0,0,0.035714286,0,0,0.010714286,0,0.007142858
PF16250,soil,0.013888889,0,0,0,0.972222222,0.013888889,0,0,0,0,0,0,0,0,0,0
PF10783,soil,0.013333333,0.08,0,0.906666667,0,0,0,0,0,0,0,0,0,0,0,0
PF10782,soil,0.012987013,0.974025974,0.012987013,0,0,0,0,0,0,0,0,0,0,0,0,0
PF06645,soil,0.011952191,0,0.645418327,0,0.003984064,0.19123506,0.071713147,0,0,0.027888446,0,0,0,0,0,0.047808765
PF10057,soil,0.011111111,0.877777778,0,0.044444444,0.011111111,0,0,0,0.005555556,0,0,0.016666667,0,0,0,0.033333334
PF14780,soil,0.010989011,0,0.362637363,0,0,0.428571429,0.098901099,0,0,0.087912088,0,0,0,0,0,0.010989011
PF10901,soil,0.00990099,0.059405941,0,0.891089109,0,0,0,0,0,0,0.03960396,0,0,0,0,0
PF11034,soil,0.009174312,0,0.963302752,0,0,0,0.009174312,0,0,0,0,0,0,0.009174312,0,0.009174312
PF06911,soil,0.009009009,0,0.693693694,0,0.004504505,0.198198198,0.072072072,0,0,0,0,0,0,0,0,0.022522524
PF12396,soil,0.008695652,0,0.982608696,0,0,0.008695652,0,0,0,0,0,0,0,0,0,0
PF13886,soil,0.008163265,0.024489796,0.706122449,0.040816327,0,0.13877551,0.004081633,0,0,0.036734694,0.012244898,0,0,0,0.004081633,0.024489798
PF09816,soil,0.008032129,0,0.674698795,0,0,0.208835341,0.064257028,0,0,0.024096386,0,0,0,0,0,0.020080321
PF10155,soil,0.007936508,0,0.357142857,0,0,0.404761905,0.119047619,0,0,0.071428571,0,0,0,0,0,0.03968254
PF04213,soil,0.007352941,0,0,0.992647059,0,0,0,0,0,0,0,0,0,0,0,0
PF10936,soil,0.00729927,0,0,0.919708029,0,0,0.00729927,0.02189781,0,0,0,0.04379562,0,0,0,0
PF08147,soil,0.007272727,0,0.669090909,0,0,0.189090909,0.069090909,0,0,0.029090909,0,0,0,0,0,0.036363638
PF06947,soil,0.007092199,0.390070922,0,0.600472813,0,0,0,0,0,0,0,0,0,0,0,0.002364066
PF03798,soil,0.006756757,0,0.648648649,0,0,0.189189189,0.064189189,0,0,0.030405405,0,0,0.010135135,0,0,0.050675675
PF17197,soil,0.006666667,0,0,0.993333333,0,0,0,0,0,0,0,0,0,0,0,0
PF14230,soil,0.006535948,0,0,0.986928105,0,0,0,0,0,0,0,0,0,0,0.006535948,0
PF18296,soil,0.006060606,0,0.56969697,0,0,0.327272727,0.084848485,0,0,0,0,0,0,0,0,0.012121212
PF11290,soil,0.005813953,0,0,0.953488372,0,0,0,0,0,0,0.040697674,0,0,0,0,0
PF11204,soil,0.005714286,0,0.891428571,0,0,0,0.068571429,0,0,0.028571429,0,0,0,0,0,0.005714286
PF10382,soil,0.005649718,0,0.790960452,0,0,0.028248588,0.073446328,0,0,0.04519774,0,0,0,0,0,0.056497177
PF13312,soil,0.005586592,0,0,0.994413408,0,0,0,0,0,0,0,0,0,0,0,0
PF10173,soil,0.005235602,0,0.869109948,0,0,0,0.094240838,0,0,0,0,0.005235602,0,0,0.010471204,0.015706806
PF07297,soil,0.005076142,0,0.766497462,0,0,0.096446701,0.060913706,0,0,0.035532995,0,0,0,0,0,0.035532994
PF01644,soil,0.005050505,0,0.919191919,0,0,0,0.01010101,0.005050505,0,0.045454545,0,0,0,0,0,0.015151515
PF10785,soil,0.004950495,0,0.826732673,0,0,0,0.079207921,0,0,0.044554455,0,0,0,0,0,0.044554455
PF08498,soil,0.004878049,0,0.853658537,0,0,0,0.087804878,0,0,0.019512195,0,0,0,0,0,0.034146342
PF03694,soil,0.004830918,0,0.821256039,0,0,0.072463768,0.06763285,0,0,0.019323671,0,0,0,0,0,0.014492754
PF03896,soil,0.004694836,0,0.615023474,0,0,0.262910798,0.084507042,0,0,0,0,0,0,0,0,0.03286385
PF14308,soil,0.00462963,0,0.842592593,0,0,0,0.087962963,0,0,0.018518519,0,0,0,0,0,0.046296298
PF12089,soil,0.004282655,0,0,0.987152034,0.004282655,0.002141328,0,0.002141328,0,0,0,0,0,0,0,0
PF04718,soil,0.004201681,0,0.735294118,0,0,0.18907563,0.067226891,0,0,0,0,0,0,0,0,0.004201681
PF04418,soil,0.0041841,0,0.669456067,0,0,0.184100418,0.071129707,0,0,0.037656904,0,0,0,0,0,0.033472802
PF01803,soil,0.004149378,0,0.709543568,0,0,0.219917012,0.049792531,0,0,0,0,0,0,0,0,0.016597512
PF12537,soil,0.004149378,0,0.597510373,0,0,0.232365145,0.078838174,0,0,0.033195021,0,0,0,0,0,0.05394191
PF08320,soil,0.004016064,0,0.694779116,0,0,0.168674699,0.064257028,0,0,0.02811245,0,0,0,0,0,0.040160643
PF13236,soil,0.003984064,0,0.685258964,0,0,0.195219124,0.051792829,0,0,0.03187251,0,0,0,0,0,0.03187251
PF07019,soil,0.003968254,0.003968254,0.615079365,0,0,0.218253968,0.071428571,0,0,0.035714286,0,0,0,0,0,0.051587302
PF09333,soil,0.003937008,0,0.692913386,0,0,0.18503937,0.062992126,0,0,0.035433071,0,0,0,0,0,0.01968504
PF08620,soil,0.003921569,0,0.701960784,0,0,0.156862745,0.066666667,0,0,0.035294118,0,0,0,0,0,0.035294119
PF04133,soil,0.003891051,0,0.692607004,0,0,0.206225681,0.06614786,0,0,0.003891051,0,0,0,0,0,0.027237355
PF05832,soil,0.003875969,0,0.651162791,0,0,0.197674419,0.065891473,0,0,0.031007752,0,0,0,0,0,0.050387597
PF07985,soil,0.003875969,0,0.678294574,0,0,0.189922481,0.069767442,0,0,0.027131783,0,0,0,0,0,0.031007752
PF12807,soil,0.003875969,0,0.670542636,0,0,0.189922481,0.050387597,0.003875969,0,0.034883721,0,0,0,0,0,0.046511628
PF12922,soil,0.003861004,0,0.698841699,0,0,0.177606178,0.065637066,0,0,0.034749035,0,0,0,0,0,0.01930502
PF09801,soil,0.003846154,0,0.673076923,0,0,0.188461538,0.057692308,0,0,0.034615385,0,0,0,0,0,0.042307693
PF06741,soil,0.003787879,0,0.693181818,0,0,0.151515152,0.068181818,0,0,0.03030303,0,0,0,0,0,0.053030304
PF09320,soil,0.003773585,0,0.671698113,0,0,0.181132075,0.071698113,0,0,0.033962264,0,0,0,0,0,0.03773585
PF05648,soil,0.003759398,0,0.703007519,0,0,0.142857143,0.071428571,0,0,0.033834586,0,0,0,0,0,0.04511278
PF10312,soil,0.003759398,0,0.65037594,0,0,0.206766917,0.071428571,0,0,0.033834586,0,0,0,0,0,0.033834585
PF12816,soil,0.003759398,0,0.691729323,0,0,0.180451128,0.067669173,0.003759398,0,0.033834586,0,0,0,0,0,0.018796991
PF08743,soil,0.003745318,0.003745318,0.70411985,0,0,0.157303371,0.071161049,0,0,0.029962547,0,0,0,0,0,0.029962546
PF07047,soil,0.003731343,0,0.649253731,0,0,0.194029851,0.070895522,0,0,0.03358209,0,0,0,0,0,0.048507462
PF10366,soil,0.003717472,0,0.672862454,0,0,0.200743494,0.063197026,0,0,0.029739777,0,0,0,0,0,0.029739776
PF06417,soil,0.003690037,0,0.653136531,0,0,0.199261993,0.070110701,0,0,0.029520295,0,0,0,0,0,0.044280444
PF04031,soil,0.003663004,0,0.666666667,0,0,0.179487179,0.065934066,0,0,0.029304029,0,0,0,0,0,0.054945056
PF07842,soil,0.003663004,0.003663004,0.655677656,0,0,0.205128205,0.06959707,0,0,0.032967033,0,0,0,0,0,0.02930403
PF03208,soil,0.003636364,0,0.650909091,0,0,0.2,0.069090909,0,0,0.032727273,0,0,0,0,0,0.043636365
PF07774,soil,0.003636364,0,0.665454545,0,0,0.196363636,0.061818182,0,0,0.029090909,0,0,0,0,0,0.043636365
PF04802,soil,0.003623188,0,0.644927536,0,0,0.202898551,0.061594203,0,0,0.032608696,0,0,0,0,0,0.054347825
PF04136,soil,0.003610108,0,0.660649819,0,0,0.194945848,0.064981949,0,0,0.032490975,0,0,0,0,0,0.043321299
PF05620,soil,0.003571429,0,0.653571429,0,0,0.196428571,0.067857143,0,0,0.028571429,0,0,0,0,0,0.050000001
PF13862,soil,0.003571429,0,0.671428571,0,0,0.175,0.064285714,0,0,0.032142857,0,0,0,0,0,0.05357143
PF16910,soil,0.003571429,0,0.657142857,0,0,0.2,0.067857143,0.007142857,0,0.028571429,0,0,0,0,0,0.035714287
PF16909,soil,0.003558719,0,0.658362989,0,0,0.195729537,0.056939502,0,0,0.03202847,0,0,0,0,0,0.053380783
PF04194,soil,0.003533569,0,0.653710247,0,0,0.187279152,0.067137809,0.003533569,0,0.03180212,0,0,0,0,0,0.053003535
PF04387,soil,0.003448276,0,0.655172414,0,0,0.193103448,0.065517241,0,0,0.031034483,0,0,0,0,0,0.051724138
PF09534,soil,0.002439024,0,0,0.992682927,0.002439024,0,0,0.002439024,0,0,0,0,0,0,0,0
PF03771,soil,0,0,0,1,0,0,0,0,0,0,0,0,0,0,0,0
PF10724,soil,0,0,0,1,0,0,0,0,0,0,0,0,0,0,0,0
PF10745,soil,0,0,0,1,0,0,0,0,0,0,0,0,0,0,0,0
PF10801,soil,0,0,0,1,0,0,0,0,0,0,0,0,0,0,0,0
PF10821,soil,0,0,0,1,0,0,0,0,0,0,0,0,0,0,0,0
PF10969,soil,0,0,0,1,0,0,0,0,0,0,0,0,0,0,0,0
PF11222,soil,0,0,0,1,0,0,0,0,0,0,0,0,0,0,0,0
PF11305,soil,0,0,0,1,0,0,0,0,0,0,0,0,0,0,0,0
PF11377,soil,0,0,0,1,0,0,0,0,0,0,0,0,0,0,0,0
PF11452,soil,0,0,0,1,0,0,0,0,0,0,0,0,0,0,0,0
PF11662,soil,0,0,0,1,0,0,0,0,0,0,0,0,0,0,0,0
PF12028,soil,0,0,0,1,0,0,0,0,0,0,0,0,0,0,0,0
PF12502,soil,0,0,0,1,0,0,0,0,0,0,0,0,0,0,0,0
PF14012,soil,0,0,0,1,0,0,0,0,0,0,0,0,0,0,0,0
PF14017,soil,0,0,0,1,0,0,0,0,0,0,0,0,0,0,0,0
PF14155,soil,0,0,0,1,0,0,0,0,0,0,0,0,0,0,0,0
PF14459,soil,0,0,0,1,0,0,0,0,0,0,0,0,0,0,0,0
PF16170,soil,0,0,0,1,0,0,0,0,0,0,0,0,0,0,0,0
PF16877,soil,0,0,0,1,0,0,0,0,0,0,0,0,0,0,0,0
PF17196,soil,0,0,0,1,0,0,0,0,0,0,0,0,0,0,0,0
PF17240,soil,0,0,0,1,0,0,0,0,0,0,0,0,0,0,0,0
PF17270,soil,0,0,0,1,0,0,0,0,0,0,0,0,0,0,0,0
PF18725,soil,0,0,0,1,0,0,0,0,0,0,0,0,0,0,0,0
PF10739,soil,0,0,0,0.997326203,0,0,0,0,0,0,0,0.002673797,0,0,0,0
PF09438,soil,0,0,0,0.992974239,0,0,0,0,0,0,0,0,0,0,0,0.007025761
PF12249,soil,0,0.011764706,0,0.988235294,0,0,0,0,0,0,0,0,0,0,0,0
PF16995,soil,0,0.005208333,0,0.984375,0,0,0,0.005208333,0.005208333,0,0,0,0,0,0,0
PF14472,soil,0,0.056603774,0,0.933962264,0,0,0,0,0,0,0.009433962,0,0,0,0,0
PF16373,soil,0,0.323529412,0,0.029411765,0.647058824,0,0,0,0,0,0,0,0,0,0,0
PF09964,soil,0,0.986486486,0,0.013513514,0,0,0,0,0,0,0,0,0,0,0,0
PF08229,soil,0,0,0.969879518,0.012048193,0,0,0.006024096,0,0,0,0,0,0,0,0,0.012048192
PF12311,soil,0,0,0.971962617,0.009345794,0,0,0.009345794,0,0,0,0,0,0,0,0,0.009345794
PF11374,soil,0,0,0.99122807,0.00877193,0,0,0,0,0,0,0,0,0,0,0,0
PF07423,soil,0,0.993006993,0,0.006993007,0,0,0,0,0,0,0,0,0,0,0,0
PF06569,soil,0,0.994680851,0,0.005319149,0,0,0,0,0,0,0,0,0,0,0,0
PF12597,soil,0,0,0.818181818,0.004784689,0,0.114832536,0.004784689,0,0,0.038277512,0,0,0,0,0,0.019138756
PF01107,soil,0,0,0,0,0,0,1,0,0,0,0,0,0,0,0,0
PF03103,soil,0,0,0.19047619,0,0,0.80952381,0,0,0,0,0,0,0,0,0,0
PF03298,soil,0,0,0.55,0,0,0.45,0,0,0,0,0,0,0,0,0,0
PF03940,soil,0,0,1,0,0,0,0,0,0,0,0,0,0,0,0,0
PF05397,soil,0,0,0.977272727,0,0,0,0.011363636,0,0,0,0,0,0,0,0,0.011363636
PF06237,soil,0,0,0,0,0,0.979591837,0,0,0,0.020408163,0,0,0,0,0,0
PF06682,soil,0,0,0.790816327,0,0.005102041,0.178571429,0.005102041,0,0,0,0,0,0,0,0,0.020408164
PF07176,soil,0,0,0,0,0,0,0,0,1,0,0,0,0,0,0,0
PF07552,soil,0,1,0,0,0,0,0,0,0,0,0,0,0,0,0,0
PF07643,soil,0,0,0,0,0,0,0.25,0,0,0,0,0.75,0,0,0,0
PF07792,soil,0,0,0.924324324,0,0,0,0.005405405,0,0,0.037837838,0,0,0,0,0,0.032432431
PF08150,soil,0,0,0.083333333,0,0,0.916666667,0,0,0,0,0,0,0,0,0,0
PF08409,soil,0,0,0.055555556,0,0.013888889,0.75,0.041666667,0,0,0.069444444,0,0,0,0,0,0.069444445
PF08520,soil,0,0,0.967105263,0,0,0,0.006578947,0,0,0,0,0,0,0,0,0.026315789
PF08560,soil,0,0,0.609756098,0,0,0.304878049,0.048780488,0,0,0.024390244,0,0,0,0,0,0.012195122
PF08588,soil,0,0,0.958333333,0,0,0,0.017857143,0,0,0,0,0,0,0,0,0.023809524
PF08636,soil,0,0,0.930107527,0,0,0,0.005376344,0,0,0.043010753,0,0,0,0,0,0.021505376
PF09792,soil,0,0,1,0,0,0,0,0,0,0,0,0,0,0,0,0
PF10233,soil,0,0,0.757894737,0,0,0.236842105,0,0,0,0,0,0,0,0,0,0.005263158
PF10256,soil,0,0,0.734693878,0,0,0.224489796,0.004081633,0,0,0.012244898,0,0,0,0,0,0.024489797
PF10311,soil,0,0,0.991803279,0,0,0,0,0,0,0,0,0,0,0,0,0.008196721
PF10336,soil,0,0,0.985714286,0,0,0,0.007142857,0,0,0,0,0,0,0,0,0.007142857
PF10750,soil,0,1,0,0,0,0,0,0,0,0,0,0,0,0,0,0
PF10752,soil,0,1,0,0,0,0,0,0,0,0,0,0,0,0,0,0
PF10906,soil,0,0,0.9875,0,0,0,0,0,0,0,0,0,0,0,0,0.0125
PF10966,soil,0,0.993710692,0,0,0.006289308,0,0,0,0,0,0,0,0,0,0,0
PF11001,soil,0,0,0.985507246,0,0,0,0.007246377,0,0,0,0,0,0,0,0,0.007246377
PF11085,soil,0,1,0,0,0,0,0,0,0,0,0,0,0,0,0,0
PF11117,soil,0,1,0,0,0,0,0,0,0,0,0,0,0,0,0,0
PF11118,soil,0,1,0,0,0,0,0,0,0,0,0,0,0,0,0,0
PF11132,soil,0,1,0,0,0,0,0,0,0,0,0,0,0,0,0,0
PF11704,soil,0,0,0.715083799,0,0,0.245810056,0,0,0,0,0,0,0,0,0,0.039106145
PF11915,soil,0,0,1,0,0,0,0,0,0,0,0,0,0,0,0,0
PF12013,soil,0,0,0.98630137,0,0,0,0,0,0,0,0,0,0,0,0,0.01369863
PF12223,soil,0,0,0.974522293,0,0,0,0.006369427,0,0,0,0,0,0,0,0,0.019108281
PF12247,soil,0,0,0.935672515,0,0,0,0,0,0,0,0,0,0,0,0,0.064327485
PF12409,soil,0,0,0.740425532,0,0,0.187234043,0.021276596,0,0,0.025531915,0,0,0,0,0,0.025531914
PF12473,soil,0,0,0.74893617,0,0,0.238297872,0.004255319,0,0,0.004255319,0,0,0,0,0,0.004255319
PF12511,soil,0,0,1,0,0,0,0,0,0,0,0,0,0,0,0,0
PF12585,soil,0,0,0.968944099,0,0,0,0.01242236,0,0,0,0,0,0,0,0,0.01863354
PF12716,soil,0,0,0.99,0,0,0,0,0,0,0,0,0,0,0,0,0.01
PF12758,soil,0,1,0,0,0,0,0,0,0,0,0,0,0,0,0,0
PF13046,soil,0,1,0,0,0,0,0,0,0,0,0,0,0,0,0,0
PF13217,soil,0,1,0,0,0,0,0,0,0,0,0,0,0,0,0,0
PF13255,soil,0,1,0,0,0,0,0,0,0,0,0,0,0,0,0,0
PF13295,soil,0,1,0,0,0,0,0,0,0,0,0,0,0,0,0,0
PF13329,soil,0,0,0.853403141,0,0,0.057591623,0.02617801,0,0,0.047120419,0,0,0,0,0,0.015706806
PF13695,soil,0,0,0.746835443,0,0,0.215189873,0,0,0,0,0,0,0,0,0,0.037974684
PF13799,soil,0,1,0,0,0,0,0,0,0,0,0,0,0,0,0,0
PF14005,soil,0,1,0,0,0,0,0,0,0,0,0,0,0,0,0,0
PF14036,soil,0,1,0,0,0,0,0,0,0,0,0,0,0,0,0,0
PF14038,soil,0,1,0,0,0,0,0,0,0,0,0,0,0,0,0,0
PF14039,soil,0,1,0,0,0,0,0,0,0,0,0,0,0,0,0,0
PF14043,soil,0,1,0,0,0,0,0,0,0,0,0,0,0,0,0,0
PF14044,soil,0,1,0,0,0,0,0,0,0,0,0,0,0,0,0,0
PF14074,soil,0,1,0,0,0,0,0,0,0,0,0,0,0,0,0,0
PF14118,soil,0,1,0,0,0,0,0,0,0,0,0,0,0,0,0,0
PF14120,soil,0,1,0,0,0,0,0,0,0,0,0,0,0,0,0,0
PF14143,soil,0,1,0,0,0,0,0,0,0,0,0,0,0,0,0,0
PF14150,soil,0,1,0,0,0,0,0,0,0,0,0,0,0,0,0,0
PF14154,soil,0,1,0,0,0,0,0,0,0,0,0,0,0,0,0,0
PF14164,soil,0,1,0,0,0,0,0,0,0,0,0,0,0,0,0,0
PF14165,soil,0,1,0,0,0,0,0,0,0,0,0,0,0,0,0,0
PF14166,soil,0,1,0,0,0,0,0,0,0,0,0,0,0,0,0,0
PF14169,soil,0,1,0,0,0,0,0,0,0,0,0,0,0,0,0,0
PF14173,soil,0,1,0,0,0,0,0,0,0,0,0,0,0,0,0,0
PF14177,soil,0,1,0,0,0,0,0,0,0,0,0,0,0,0,0,0
PF14425,soil,0,1,0,0,0,0,0,0,0,0,0,0,0,0,0,0
PF14474,soil,0,0,0.982352941,0,0,0,0.005882353,0,0,0,0,0,0,0,0,0.011764706
PF14737,soil,0,0,0.697530864,0,0,0.179012346,0.024691358,0,0,0.049382716,0,0,0,0,0,0.049382717
PF14856,soil,0,0,1,0,0,0,0,0,0,0,0,0,0,0,0,0
PF15446,soil,0,0,0.991935484,0,0,0,0,0,0,0,0,0,0,0,0,0.008064516
PF15456,soil,0,0,0.988095238,0,0,0,0.005952381,0,0,0,0,0,0,0,0,0.005952381
PF15565,soil,0,1,0,0,0,0,0,0,0,0,0,0,0,0,0,0
PF15874,soil,0,0,0.545454545,0,0,0.272727273,0,0,0,0.090909091,0,0,0,0,0,0.090909091
PF16428,soil,0,0,0,0,1,0,0,0,0,0,0,0,0,0,0,0
PF16977,soil,0,0,0,0,0,1,0,0,0,0,0,0,0,0,0,0
PF17050,soil,0,0,0.975206612,0,0,0,0.008264463,0,0,0,0,0,0,0,0,0.016528926
PF17100,soil,0,0,1,0,0,0,0,0,0,0,0,0,0,0,0,0
PF17109,soil,0,0,1,0,0,0,0,0,0,0,0,0,0,0,0,0
PF17150,soil,0,0,0,0,0,0,0,0,1,0,0,0,0,0,0,0
PF17247,soil,0,1,0,0,0,0,0,0,0,0,0,0,0,0,0,0
PF17259,soil,0,1,0,0,0,0,0,0,0,0,0,0,0,0,0,0
PF17277,soil,0,1,0,0,0,0,0,0,0,0,0,0,0,0,0,0
PF17356,soil,0,1,0,0,0,0,0,0,0,0,0,0,0,0,0,0
PF17738,soil,0,0,0,0,0,1,0,0,0,0,0,0,0,0,0,0
PF18142,soil,0,0,0.991071429,0,0,0,0,0,0,0,0,0,0,0,0,0.008928571
