ID,Type,Group,Acidobacteria,Actinobacteria,Alveolata,Amoebozoa,Aquificae,Bacteroidetes,Balneolaeota,Chlamydiae,Chloroflexi,Crenarchaeota,Cyanobacteria,Deinococcus-Thermus,Diplomonadida,dsDNA,dsRNA,Elusimicrobia,environmental,Euglenozoa,Euryarchaeota,Fibrobacteres,Firmicutes,Fungi,Fusobacteria,Gemmatimonadetes,Kiritimatiellaeota,Metazoa,Nanoarchaeota,Nitrospirae,Nucleariidae,Parabasalia,Planctomycetes,Proteobacteria,Retro-transcribing,Rhizaria,Rhodothermaeota,Spirochaetes,ssRNA,Stramenopiles,Synergistetes,Tenericutes,Thaumarchaeota,Thermodesulfobacteria,Thermotogae,unclassified,Verrucomicrobia,Viridiplantae
PF03862,fermitation,1,0,0.008658009,0,0,0,0,0,0,0,0,0,0,0,0,0,0,0,0,0,0,0.961038961,0,0,0,0,0,0,0,0,0,0,0,0,0,0,0,0,0,0,0,0,0,0,0.03030303,0,0
PF04025,fermitation,1,0,0,0,0,0,0,0,0,0.007326007,0,0.007326007,0,0,0,0,0,0,0,0,0,0.871794872,0,0,0,0,0,0,0,0,0,0,0.065934066,0,0,0,0,0,0,0.007326007,0,0,0.007326007,0.018315018,0.014652015,0,0
PF04277,fermitation,1,0,0.003174603,0,0,0,0.095238095,0,0,0.022222222,0,0,0,0,0,0,0,0,0,0.015873016,0.003174603,0.250793651,0,0.003174603,0,0.003174603,0,0,0,0,0,0,0.53015873,0,0,0,0.022222222,0,0,0.00952381,0,0,0,0.015873016,0.022222222,0.003174603,0
PF04448,fermitation,1,0,0,0,0,0,0.128205128,0,0,0,0,0,0,0,0,0,0,0,0,0,0,0.102564103,0,0,0,0,0,0,0,0,0,0,0.769230769,0,0,0,0,0,0,0,0,0,0,0,0,0,0
PF05717,fermitation,1,0.002237136,0,0,0,0,0.078299776,0,0,0.002237136,0,0.002237136,0,0,0,0,0,0,0,0,0.002237136,0.18344519,0,0,0,0,0.004474273,0,0,0,0,0.004474273,0.695749441,0,0,0,0.008948546,0,0,0.002237136,0,0,0,0,0.011185682,0,0.002237136
PF06107,fermitation,1,0,0,0,0,0,0,0,0,0.025974026,0,0,0,0,0,0,0,0,0,0,0,0.948051948,0,0,0,0,0,0,0,0,0,0,0,0,0,0,0,0,0,0,0.005194805,0,0,0,0.020779221,0,0
PF06130,fermitation,1,0,0.004854369,0,0,0,0.004854369,0,0,0,0,0,0,0,0,0,0,0,0,0,0,0.67961165,0,0.004854369,0,0,0,0,0,0,0,0.029126214,0.194174757,0,0,0,0,0,0,0.004854369,0.014563107,0,0,0.024271845,0.029126214,0.004854369,0.004854369
PF06686,fermitation,1,0,0.004464286,0,0,0,0,0,0,0,0,0,0,0,0,0,0,0,0,0,0,0.964285714,0,0,0,0,0,0,0,0,0,0,0.004464286,0,0,0,0,0,0,0,0,0,0,0,0.026785714,0,0
PF06949,fermitation,1,0,0.007633588,0,0,0,0,0,0,0,0,0.002544529,0,0,0,0,0,0,0,0.002544529,0,0.946564885,0,0,0,0,0,0,0,0,0,0,0.002544529,0,0,0,0,0,0,0,0.005089059,0,0,0.012722646,0.020356234,0,0
PF07556,fermitation,1,0,0.021390374,0,0,0.005347594,0.010695187,0,0,0.010695187,0,0,0,0,0,0,0,0,0,0.010695187,0.005347594,0.395721925,0,0,0,0,0,0,0,0,0,0,0.475935829,0,0,0,0.026737968,0,0,0.005347594,0.010695187,0,0,0.005347594,0.010695187,0,0.005347594
PF07790,fermitation,1,0,0,0,0,0,0,0,0,0,0.026315789,0,0,0,0,0,0,0,0,0.973684211,0,0,0,0,0,0,0,0,0,0,0,0,0,0,0,0,0,0,0,0,0,0,0,0,0,0,0
PF09551,fermitation,1,0,0,0,0,0,0,0,0,0,0,0,0,0,0,0,0,0,0,0,0,0.969162996,0,0,0,0,0.004405286,0,0,0,0,0,0,0,0,0,0,0,0,0,0,0,0,0,0.026431718,0,0
PF09560,fermitation,1,0,0,0,0,0,0,0,0,0,0,0,0,0,0,0,0,0,0,0,0,0.985294118,0,0,0,0,0,0,0,0,0,0,0,0,0,0,0,0,0,0,0,0,0,0,0.014705882,0,0
PF09578,fermitation,1,0,0,0,0,0,0,0,0,0,0,0,0,0,0,0,0,0,0,0,0,0.967741935,0,0,0,0,0,0,0,0,0,0,0,0,0,0,0,0,0,0,0,0,0,0,0.032258065,0,0
PF11167,fermitation,1,0,0,0,0,0,0,0,0,0,0,0,0,0,0,0,0,0,0,0.024875622,0.004975124,0.940298507,0,0,0,0,0,0,0,0,0,0,0.009950249,0,0,0,0,0,0,0,0,0,0,0,0.019900498,0,0
PF11195,fermitation,1,0,0.063291139,0,0,0,0.037974684,0,0,0,0,0,0,0,0,0,0,0,0,0,0,0.607594937,0,0,0,0,0,0,0,0,0,0.012658228,0.278481013,0,0,0,0,0,0,0,0,0,0,0,0,0,0
PF11753,fermitation,1,0,0.166666667,0,0,0,0.016666667,0,0,0,0,0,0,0,0.183333333,0,0,0,0,0,0,0.316666667,0,0,0,0,0,0,0,0,0,0,0.3,0,0,0,0,0,0,0,0,0,0,0,0,0,0.016666667
PF11823,fermitation,1,0,0.023529412,0,0,0.023529412,0.017647059,0,0,0.017647059,0,0,0,0,0,0,0,0,0,0,0,0.717647059,0,0.005882353,0,0,0,0,0,0,0,0,0.129411765,0,0,0,0.005882353,0,0,0.017647059,0,0,0,0.011764706,0.029411765,0,0
PF12637,fermitation,1,0,0.030534351,0,0,0,0.053435115,0,0,0.022900763,0,0,0,0,0,0,0.007633588,0,0,0.007633588,0.007633588,0.671755725,0,0.007633588,0,0,0,0,0,0,0,0,0.099236641,0,0,0,0.022900763,0,0,0,0,0,0,0,0.06870229,0,0
PF12646,fermitation,1,0,0,0,0,0,0,0,0,0,0,0,0,0,0,0,0,0,0,0.064935065,0,0.519480519,0,0,0,0,0,0,0,0,0,0,0.077922078,0,0,0,0.064935065,0,0,0,0,0,0,0.051948052,0.038961039,0,0.181818182
PF12652,fermitation,1,0,0,0,0,0,0,0,0,0,0,0,0,0,0,0,0,0,0,0,0,0.962765957,0,0,0,0,0,0,0,0,0,0,0,0,0,0,0,0,0,0,0,0,0,0,0.037234043,0,0
PF12668,fermitation,1,0,0.037037037,0,0,0,0.148148148,0,0,0,0,0,0,0,0,0,0,0,0,0,0,0.666666667,0,0,0,0,0,0,0,0,0,0,0,0,0,0,0.074074074,0,0,0,0,0,0,0,0.074074074,0,0
PF12670,fermitation,1,0,0,0,0,0,0,0,0,0,0,0,0,0,0,0,0,0,0,0,0,0.971291866,0,0,0,0,0,0,0,0,0,0,0,0,0,0,0,0,0,0,0,0,0,0,0.028708134,0,0
PF12673,fermitation,1,0,0,0,0,0,0,0,0,0,0,0,0,0,0,0,0,0,0,0,0,0.92,0,0,0,0,0,0,0,0,0,0,0,0,0,0,0,0,0,0,0,0,0,0,0.08,0,0
PF12675,fermitation,1,0,0,0,0,0,0.157142857,0,0,0.057142857,0,0,0,0,0,0,0,0,0,0.057142857,0,0.514285714,0,0,0,0,0,0,0,0,0,0,0.128571429,0,0,0,0.028571429,0,0,0.014285714,0,0,0,0.014285714,0.028571429,0,0
PF13007,fermitation,1,0,0.002564103,0,0,0,0.082051282,0,0,0.002564103,0,0,0,0,0,0,0,0,0,0,0,0.176923077,0,0,0,0,0.01025641,0,0,0,0,0.002564103,0.702564103,0,0.002564103,0,0.005128205,0,0,0,0,0,0,0,0.01025641,0.002564103,0
PF13320,fermitation,1,0,0.136363636,0,0,0,0.386363636,0,0,0,0,0,0,0,0,0,0,0,0,0,0,0.212121212,0,0,0,0,0,0,0.007575758,0,0,0.022727273,0.098484848,0,0,0,0,0,0.015151515,0,0.022727273,0,0,0,0.007575758,0.007575758,0.083333333
PF14117,fermitation,1,0,0.575384615,0,0,0,0.178461538,0,0,0.006153846,0,0,0.006153846,0,0,0,0,0,0,0,0,0.003076923,0,0,0.003076923,0,0,0,0,0,0,0.003076923,0.224615385,0,0,0,0,0,0,0,0,0,0,0,0,0,0
PF14192,fermitation,1,0,0.209302326,0,0,0,0,0,0,0,0,0,0,0,0,0,0,0,0,0,0,0.651162791,0,0,0,0,0,0,0,0,0,0,0.046511628,0,0,0,0,0,0,0,0,0,0,0.023255814,0.069767442,0,0
PF14198,fermitation,1,0,0,0,0,0,0,0,0,0,0,0,0,0,0,0,0,0,0,0,0,0.904761905,0,0,0,0,0,0,0,0,0,0,0,0,0,0,0,0,0,0,0.047619048,0,0,0,0.047619048,0,0
PF14270,fermitation,1,0,0,0,0,0,0,0,0,0,0,0,0,0,0,0,0,0,0,0,0,0.981132075,0,0,0,0,0,0,0,0,0,0,0,0,0,0,0,0,0,0,0,0,0,0,0.018867925,0,0
PF14287,fermitation,1,0,0.037735849,0,0,0,0,0,0,0,0,0,0,0,0,0,0,0,0,0,0,0.905660377,0,0,0,0,0,0,0,0,0,0,0,0,0,0,0.018867925,0,0,0,0,0,0,0,0.037735849,0,0
PF14294,fermitation,1,0,0,0,0,0,0.423728814,0,0,0,0,0,0,0,0,0,0,0,0,0,0,0.262711864,0,0,0,0.008474576,0.008474576,0,0,0,0,0.016949153,0.254237288,0,0,0,0.016949153,0,0,0,0,0,0,0,0.008474576,0,0
PF14311,fermitation,1,0,0.347826087,0,0,0,0.028985507,0,0,0,0,0,0,0,0.043478261,0,0,0,0.115942029,0,0,0.304347826,0,0,0,0,0,0,0,0,0,0.014492754,0.057971014,0.014492754,0,0,0,0.014492754,0.014492754,0,0,0,0,0,0.043478261,0,0
PF14319,fermitation,1,0,0,0,0,0,0.105263158,0,0,0.005847953,0,0,0,0,0,0,0,0,0,0,0.005847953,0.16374269,0,0,0,0.005847953,0,0,0,0,0,0.01754386,0.678362573,0,0,0,0.005847953,0,0,0,0,0,0,0,0.005847953,0,0.005847953
PF16079,fermitation,1,0,0,0,0,0,0,0,0,0,0,0,0,0,0,0,0,0,0,0,0,0.981132075,0,0,0,0,0,0,0,0,0,0,0,0,0,0,0,0,0,0,0,0,0,0,0.018867925,0,0
fermitation1,fermitation,1,0,0,0,0,0,0,0,0,0,0,0,0,0,0,0,0,0,0,0,0,0,0,0,0,0,0,0,0,0,0,0,0,0,0,0,0,0,0,0,0,0,0,0,0,0,0
fermitation2,fermitation,1,0,0,0,0,0,0,0,0,0,0,0,0,0,0,0,0,0,0,0,0,0,0,0,0,0,0,0,0,0,0,0,0,0,0,0,0,0,0,0,0,0,0,0,0,0,0
fermitation3,fermitation,1,0,0,0,0,0,0,0,0,0,0,0,0,0,0,0,0,0,0,0,0,0,0,0,0,0,0,0,0,0,0,0,0,0,0,0,0,0,0,0,0,0,0,0,0,0,0
fermitation4,fermitation,1,0,0,0,0,0,0,0,0,0,0,0,0,0,0,0,0,0,0,0,0,0,0,0,0,0,0,0,0,0,0,0,0,0,0,0,0,0,0,0,0,0,0,0,0,0,0
fermitation5,fermitation,1,0,0,0,0,0,0,0,0,0,0,0,0,0,0,0,0,0,0,0,0,0,0,0,0,0,0,0,0,0,0,0,0,0,0,0,0,0,0,0,0,0,0,0,0,0,0
fermitation6,fermitation,1,0,0,0,0,0,0,0,0,0,0,0,0,0,0,0,0,0,0,0,0,0,0,0,0,0,0,0,0,0,0,0,0,0,0,0,0,0,0,0,0,0,0,0,0,0,0
PF03374,gut,2,0,0.14516129,0,0,0,0.036290323,0,0,0,0,0,0,0,0.008064516,0,0,0,0,0,0,0.423387097,0,0.004032258,0,0,0.004032258,0,0,0,0,0,0.358870968,0,0,0,0.004032258,0,0,0,0,0,0,0.004032258,0.012096774,0,0
PF03419,gut,2,0,0,0,0,0,0,0,0,0,0,0,0,0,0,0,0,0,0,0,0,0.969026549,0,0,0,0,0,0,0,0,0,0,0,0,0,0,0,0,0,0,0,0,0,0,0.030973451,0,0
PF04070,gut,2,0.003968254,0.011904762,0,0,0,0,0,0.003968254,0,0,0,0,0,0,0,0,0,0,0.015873016,0.003968254,0.777777778,0,0,0,0.003968254,0,0,0,0,0,0,0.146825397,0,0,0,0,0,0,0,0,0,0,0,0.031746032,0,0
PF04404,gut,2,0,0.104347826,0,0,0,0.060869565,0,0,0,0,0,0,0,0.008695652,0,0,0,0,0.008695652,0,0.356521739,0,0,0,0,0.008695652,0,0,0,0,0.008695652,0.426086957,0,0,0,0,0,0,0,0.008695652,0,0,0,0.008695652,0,0
PF04647,gut,2,0,0,0,0,0,0,0,0,0,0,0,0,0,0,0,0,0,0,0,0,0.96031746,0,0,0,0,0,0,0,0,0,0,0,0,0,0,0,0,0,0,0,0,0,0,0.03968254,0,0
PF04854,gut,2,0,0.298932384,0,0,0,0,0,0,0.007117438,0,0,0,0,0,0,0,0,0,0.017793594,0,0.619217082,0.003558719,0,0,0,0,0,0,0,0,0,0.017793594,0,0,0,0.003558719,0,0,0,0.007117438,0,0,0,0.024911032,0,0
PF04883,gut,2,0.003134796,0.072100313,0,0,0.003134796,0.015673981,0,0,0.012539185,0,0.003134796,0,0,0.003134796,0,0,0,0,0.009404389,0,0.467084639,0,0,0,0,0,0,0,0,0,0.009404389,0.376175549,0,0,0,0.003134796,0,0,0.003134796,0,0,0,0.006269592,0.012539185,0,0
PF05105,gut,2,0,0.038834951,0,0,0,0.140776699,0,0,0,0,0,0,0,0,0,0,0,0,0,0,0.766990291,0,0.004854369,0,0,0,0,0,0,0,0,0.019417476,0,0,0,0,0,0,0,0,0,0,0.004854369,0.024271845,0,0
PF06135,gut,2,0,0,0,0,0,0,0,0,0,0,0,0,0,0,0,0,0,0,0,0,0.979166667,0,0,0,0,0,0,0,0,0,0,0,0,0,0,0,0,0,0,0,0,0,0,0.020833333,0,0
PF06541,gut,2,0,0.137681159,0,0,0,0,0,0,0.007246377,0,0,0,0,0,0,0,0,0,0,0,0.688405797,0,0.007246377,0,0,0.043478261,0,0,0,0,0,0.043478261,0,0,0,0.02173913,0,0,0,0.007246377,0,0,0,0.043478261,0,0
PF06810,gut,2,0,0.029411765,0,0,0,0,0,0,0,0.014705882,0,0,0,0,0,0,0,0,0,0,0.911764706,0,0,0,0,0,0,0,0,0,0,0.014705882,0,0,0,0,0,0,0,0,0,0,0,0.029411765,0,0
PF06961,gut,2,0,0.029513889,0,0.001736111,0,0.100694444,0,0,0.003472222,0,0,0.001736111,0,0,0,0,0,0,0.003472222,0,0.432291667,0.008680556,0,0,0,0.001736111,0,0,0,0,0.003472222,0.392361111,0,0,0,0,0,0,0.001736111,0.001736111,0,0,0,0.010416667,0.005208333,0.001736111
PF07441,gut,2,0,0,0,0,0,0,0,0,0,0,0,0,0,0,0,0,0,0,0.071428571,0,0.911764706,0,0,0,0,0,0,0,0,0,0,0,0,0,0,0,0,0,0,0,0,0,0,0.016806723,0,0
PF07550,gut,2,0,0,0,0,0,0.04,0,0,0,0,0,0,0,0,0,0,0,0,0,0,0.92,0,0,0,0,0,0,0,0,0,0,0,0,0,0,0,0,0,0,0,0,0,0,0.04,0,0
PF08346,gut,2,0,0.012658228,0,0,0,0.063291139,0,0,0,0,0,0,0,0,0,0,0,0,0,0,0.392405063,0,0,0,0,0,0,0,0,0,0,0.46835443,0,0,0,0,0,0,0.012658228,0,0,0,0.012658228,0.037974684,0,0
PF09524,gut,2,0,0.017857143,0,0,0,0.035714286,0,0,0,0,0,0,0,0,0,0,0,0,0,0,0.678571429,0,0,0,0,0,0,0,0,0,0,0.25,0,0,0,0,0,0,0,0,0,0,0.017857143,0,0,0
PF09548,gut,2,0,0,0,0,0,0,0,0,0,0,0,0,0,0,0,0,0,0,0,0,0.97235023,0,0,0,0,0,0,0,0,0,0,0,0,0,0,0,0,0,0,0,0,0,0,0.02764977,0,0
PF09579,gut,2,0,0.102473498,0,0,0,0.049469965,0,0,0.003533569,0,0,0,0,0,0,0,0.003533569,0,0.035335689,0.003533569,0.763250883,0,0,0,0,0,0,0,0,0,0,0.014134276,0,0,0,0,0,0,0,0,0,0,0,0.024734982,0,0
PF11842,gut,2,0,0.009950249,0,0,0,0.146766169,0,0,0.002487562,0,0,0,0,0,0,0,0,0,0.007462687,0,0.174129353,0,0.002487562,0,0,0.002487562,0,0,0,0,0.009950249,0.592039801,0,0,0,0.012437811,0,0,0.004975124,0,0,0,0.009950249,0.02238806,0.002487562,0
PF12392,gut,2,0,0.011904762,0,0,0.005952381,0.130952381,0,0,0.00297619,0,0.00297619,0.011904762,0,0,0,0,0,0,0.029761905,0.00297619,0.413690476,0,0.005952381,0.00297619,0,0.005952381,0,0,0,0,0.014880952,0.285714286,0,0,0,0.005952381,0,0,0,0.00297619,0,0,0,0.029761905,0.017857143,0.014880952
PF12476,gut,2,0,0.195121951,0,0,0,0.195121951,0,0,0,0,0,0,0,0,0,0,0,0,0,0,0.085365854,0,0,0,0,0.012195122,0,0.012195122,0,0,0,0.451219512,0,0,0,0,0,0,0,0.012195122,0,0,0,0.024390244,0.012195122,0
PF12672,gut,2,0,0.021052632,0,0,0,0,0,0,0,0,0,0,0,0,0,0,0,0,0,0,0.863157895,0,0,0,0,0,0,0,0,0,0,0.031578947,0,0,0,0.021052632,0,0,0.010526316,0,0,0,0,0.052631579,0,0
PF12733,gut,2,0,0.086614173,0,0,0,0.141732283,0,0,0.007874016,0,0,0,0,0,0,0,0,0,0,0,0.582677165,0.007874016,0,0,0,0.039370079,0,0,0,0,0,0.05511811,0,0,0,0,0,0,0,0.015748031,0,0,0,0.047244094,0,0.015748031
PF12810,gut,2,0,0.119565217,0,0,0,0.097826087,0,0,0,0,0,0,0,0,0,0,0,0,0.02173913,0,0.043478261,0.097826087,0,0,0,0.413043478,0,0,0,0.010869565,0,0.130434783,0,0.010869565,0,0,0,0.043478261,0,0,0,0,0,0,0.010869565,0
PF12957,gut,2,0,0.458333333,0,0,0,0.041666667,0,0,0,0,0,0,0,0,0,0,0,0,0,0,0.354166667,0,0,0,0,0,0,0,0,0,0,0.104166667,0,0,0,0.020833333,0,0,0,0,0,0,0,0.020833333,0,0
PF13151,gut,2,0,0.06,0,0,0,0.08,0,0,0,0,0,0,0,0,0,0,0,0,0,0,0.72,0,0,0,0,0,0,0,0,0,0,0.06,0,0,0,0.02,0,0,0,0,0,0,0,0.06,0,0
PF13250,gut,2,0,0.389380531,0,0,0,0.10619469,0,0,0,0,0,0,0,0,0,0,0,0,0.017699115,0,0.150442478,0,0,0,0,0,0,0,0,0,0,0.318584071,0,0,0,0,0,0,0,0,0,0,0,0.008849558,0.008849558,0
PF13707,gut,2,0,0.337423313,0,0,0,0.257668712,0,0,0.012269939,0,0,0,0,0,0,0,0,0,0.006134969,0,0.202453988,0,0,0,0,0,0,0,0,0,0.006134969,0.141104294,0,0,0,0,0,0,0.006134969,0.006134969,0,0,0,0.024539877,0,0
PF13711,gut,2,0.010471204,0.041884817,0,0,0,0.141361257,0.005235602,0,0.010471204,0,0,0.010471204,0,0,0,0,0,0,0,0.005235602,0.104712042,0,0,0.005235602,0.005235602,0,0,0.015706806,0,0,0.010471204,0.596858639,0,0,0,0.010471204,0,0,0,0,0,0.005235602,0.005235602,0.010471204,0.005235602,0
PF13780,gut,2,0,0.038461538,0,0,0,0,0,0,0,0,0,0,0,0,0,0,0,0,0,0,0.942307692,0,0,0,0,0,0,0,0,0,0,0,0,0,0,0,0,0,0,0,0,0,0,0.019230769,0,0
PF14018,gut,2,0,0.304347826,0,0,0,0.108695652,0,0,0,0.010869565,0,0,0,0,0,0,0,0,0.032608696,0,0.358695652,0,0,0,0,0,0,0,0,0,0,0.141304348,0,0,0,0,0,0,0.010869565,0,0,0,0,0.032608696,0,0
PF14020,gut,2,0,0.463276836,0,0,0,0.15819209,0,0,0.005649718,0,0,0,0,0,0,0,0,0,0,0,0.192090395,0,0.005649718,0,0,0,0,0,0,0,0,0.169491525,0,0,0,0,0,0,0,0,0,0,0,0.005649718,0,0
PF14055,gut,2,0,0,0,0,0,1,0,0,0,0,0,0,0,0,0,0,0,0,0,0,0,0,0,0,0,0,0,0,0,0,0,0,0,0,0,0,0,0,0,0,0,0,0,0,0,0
PF14056,gut,2,0,0,0,0,0,0.054347826,0,0,0,0,0,0,0,0,0,0,0,0,0,0,0.402173913,0,0,0,0,0,0,0,0,0,0,0.47826087,0,0,0,0,0,0,0,0,0,0,0,0.065217391,0,0
PF14070,gut,2,0,0,0,0,0,0,0,0,0.009852217,0,0,0,0,0,0,0,0,0,0,0,0.536945813,0,0,0,0,0,0,0,0,0,0,0.418719212,0,0,0,0.009852217,0,0,0.009852217,0,0,0,0,0.014778325,0,0
PF14253,gut,2,0,0.072164948,0,0,0,0.515463918,0,0,0,0,0,0,0,0,0,0,0,0,0,0,0.278350515,0,0,0,0,0,0,0,0,0,0,0.134020619,0,0,0,0,0,0,0,0,0,0,0,0,0,0
PF14265,gut,2,0,0.132352941,0,0,0,0,0,0,0,0,0,0,0,0,0,0,0,0,0,0,0.794117647,0,0,0,0,0,0,0,0,0,0.014705882,0.014705882,0,0,0,0,0,0,0.014705882,0,0,0,0.029411765,0,0,0
PF14267,gut,2,0.004926108,0.221674877,0,0,0,0.15270936,0,0.004926108,0,0,0,0.019704433,0,0,0,0,0,0,0,0,0.142857143,0,0,0.004926108,0,0,0,0,0,0,0.004926108,0.413793103,0,0,0,0,0,0,0.009852217,0,0,0,0,0.014778325,0,0.004926108
PF14276,gut,2,0,0,0,0,0,0,0,0,0,0,0,0,0,0,0,0,0,0,0,0,0.973333333,0,0,0,0,0,0,0,0,0,0,0,0,0,0,0,0,0,0,0,0,0,0,0.026666667,0,0
PF14284,gut,2,0,0,0,0,0,0.34,0.01,0,0,0,0,0,0,0,0,0,0,0,0,0,0.27,0,0,0,0,0,0,0,0,0,0.01,0.36,0,0,0,0.01,0,0,0,0,0,0,0,0,0,0
PF14297,gut,2,0,0.04,0,0,0,0.44,0,0,0,0,0,0,0,0,0,0,0,0,0,0,0.4,0,0,0,0,0,0,0,0,0,0,0.08,0,0,0,0.04,0,0,0,0,0,0,0,0,0,0
PF14317,gut,2,0.003144654,0.191823899,0,0,0,0.273584906,0,0,0.006289308,0,0,0,0,0,0,0,0,0,0,0,0.251572327,0,0,0,0,0,0,0,0,0,0.003144654,0.248427673,0,0,0,0,0,0,0,0.003144654,0,0,0,0.012578616,0.006289308,0
PF14343,gut,2,0.012738854,0.012738854,0,0,0,0.267515924,0,0,0,0,0,0.044585987,0,0,0,0,0,0,0.006369427,0,0.369426752,0,0,0.006369427,0,0,0,0,0,0,0.006369427,0.203821656,0,0,0,0.006369427,0,0,0,0,0,0,0.031847134,0.031847134,0,0
PF14393,gut,2,0,0.105263158,0,0,0,0.136842105,0,0,0.010526316,0,0,0,0,0,0,0,0,0,0.010526316,0,0.452631579,0,0,0,0,0,0,0,0,0,0,0.242105263,0,0,0,0,0,0,0,0.010526316,0,0,0,0.031578947,0,0
PF14480,gut,2,0,0,0,0,0,0,0,0,0,0,0,0,0,0,0,0,0,0,0,0,0.976588629,0,0,0,0,0,0,0,0,0,0,0,0,0,0,0,0,0,0,0.003344482,0,0,0,0.02006689,0,0
PF14897,gut,2,0,0.047169811,0,0,0,0.364779874,0.003144654,0,0,0,0,0,0,0,0,0,0,0,0,0,0.273584906,0,0.003144654,0,0,0,0,0,0,0,0.003144654,0.286163522,0,0,0,0.006289308,0,0,0,0,0,0,0,0.012578616,0,0
PF17103,gut,2,0,0.641975309,0,0.012345679,0,0.030864198,0,0,0,0,0,0,0,0,0,0,0,0,0,0,0.018518519,0.117283951,0,0,0,0.104938272,0,0,0.00617284,0,0,0.024691358,0,0.00617284,0,0,0,0.030864198,0,0,0,0,0,0.00617284,0,0
gut1,gut,2,0,0,0,0,0,0,0,0,0,0,0,0,0,0,0,0,0,0,0,0,0,0,0,0,0,0,0,0,0,0,0,0,0,0,0,0,0,0,0,0,0,0,0,0,0,0
gut2,gut,2,0,0,0,0,0,0,0,0,0,0,0,0,0,0,0,0,0,0,0,0,0,0,0,0,0,0,0,0,0,0,0,0,0,0,0,0,0,0,0,0,0,0,0,0,0,0
gut3,gut,2,0,0,0,0,0,0,0,0,0,0,0,0,0,0,0,0,0,0,0,0,0,0,0,0,0,0,0,0,0,0,0,0,0,0,0,0,0,0,0,0,0,0,0,0,0,0
gut4,gut,2,0,0,0,0,0,0,0,0,0,0,0,0,0,0,0,0,0,0,0,0,0,0,0,0,0,0,0,0,0,0,0,0,0,0,0,0,0,0,0,0,0,0,0,0,0,0
gut5,gut,2,0,0,0,0,0,0,0,0,0,0,0,0,0,0,0,0,0,0,0,0,0,0,0,0,0,0,0,0,0,0,0,0,0,0,0,0,0,0,0,0,0,0,0,0,0,0
gut6,gut,2,0,0,0,0,0,0,0,0,0,0,0,0,0,0,0,0,0,0,0,0,0,0,0,0,0,0,0,0,0,0,0,0,0,0,0,0,0,0,0,0,0,0,0,0,0,0
PF02467,lake,3,0,0.995337995,0,0,0,0,0,0,0,0,0,0,0,0,0,0,0,0,0,0,0.002331002,0,0,0,0,0,0,0,0,0,0.002331002,0,0,0,0,0,0,0,0,0,0,0,0,0,0,0
PF04028,lake,3,0.02739726,0,0,0,0.01826484,0,0,0.00456621,0,0,0,0,0,0,0,0.00456621,0,0,0,0.00456621,0.02283105,0,0.00456621,0.00456621,0,0,0,0.01826484,0,0,0.02739726,0.821917808,0,0,0,0.00456621,0,0,0,0,0,0,0,0,0.03196347,0.00456621
PF05598,lake,3,0.002610966,0.082245431,0,0,0,0.134464752,0.001305483,0,0.007832898,0,0.002610966,0.001305483,0,0,0,0,0.001305483,0,0.019582245,0,0.22845953,0.001305483,0,0,0,0.006527415,0,0.003916449,0,0,0.003916449,0.488250653,0,0,0,0.003916449,0,0,0.001305483,0,0,0.001305483,0,0.006527415,0.001305483,0
PF06698,lake,3,0,0.00621118,0,0,0,0,0,0,0,0,0,0,0,0,0,0,0,0,0,0,0,0,0,0,0,0,0,0,0,0,0,0.99378882,0,0,0,0,0,0,0,0,0,0,0,0,0,0
PF07120,lake,3,0,0,0,0,0,0.06,0,0,0,0,0,0,0,0,0,0,0,0,0,0,0,0,0,0,0,0,0,0,0,0,0.02,0.9,0,0,0,0,0,0,0,0,0,0,0,0,0.02,0
PF07593,lake,3,0.013513514,0.108108108,0,0.002702703,0,0.386486486,0.002702703,0,0.005405405,0,0,0,0,0,0,0,0,0,0.024324324,0,0,0,0,0.005405405,0.002702703,0.005405405,0,0,0,0,0.018918919,0.410810811,0,0,0.005405405,0,0,0,0,0,0,0,0,0,0.005405405,0.002702703
PF07624,lake,3,0.021276596,0,0,0,0,0.14893617,0,0,0,0,0,0,0,0,0,0,0,0,0,0,0,0,0,0.021276596,0,0,0,0,0,0,0.127659574,0.574468085,0,0,0,0,0,0,0,0,0,0,0,0,0.085106383,0.021276596
PF07626,lake,3,0.018518519,0,0,0,0,0.12962963,0,0,0,0,0,0,0,0,0,0,0,0,0,0,0,0,0,0.018518519,0,0,0,0,0,0,0.111111111,0.62962963,0,0,0,0,0,0,0,0,0,0,0,0,0.074074074,0.018518519
PF07627,lake,3,0.017241379,0,0,0,0,0.120689655,0,0,0,0,0,0,0,0,0,0,0,0,0,0,0,0,0,0.017241379,0,0,0,0,0,0,0.103448276,0.655172414,0,0,0,0,0,0,0,0,0,0,0,0,0.068965517,0.017241379
PF07631,lake,3,0.01754386,0,0,0,0,0.122807018,0,0,0,0,0,0,0,0,0,0,0,0,0,0,0,0,0,0.01754386,0,0,0,0,0,0,0.105263158,0.649122807,0,0,0,0,0,0,0,0,0,0,0,0,0.070175439,0.01754386
PF07637,lake,3,0.018181818,0,0,0,0,0.127272727,0,0,0,0,0,0,0,0,0,0,0,0,0,0,0,0,0,0.018181818,0,0,0,0,0,0,0.109090909,0.636363636,0,0,0,0,0,0,0,0,0,0,0,0,0.072727273,0.018181818
PF07659,lake,3,0,0,0,0,0,0.964664311,0,0,0,0,0,0,0,0,0,0,0,0,0,0,0.010600707,0,0,0,0,0,0,0,0,0,0,0.024734982,0,0,0,0,0,0,0,0,0,0,0,0,0,0
PF08707,lake,3,0,0.006622517,0,0,0,0.185430464,0,0,0,0,0.006622517,0,0,0.033112583,0,0,0,0.052980132,0,0,0.079470199,0,0,0,0,0,0,0,0,0,0.006622517,0.59602649,0.006622517,0,0,0,0.006622517,0,0,0,0,0,0,0.013245033,0,0.006622517
PF08734,lake,3,0.005464481,0.366120219,0,0,0.016393443,0.016393443,0,0,0.016393443,0,0.005464481,0.010928962,0,0,0,0,0.005464481,0,0.081967213,0,0,0,0,0,0,0,0,0.010928962,0,0,0.010928962,0.431693989,0,0,0,0.005464481,0,0,0,0,0,0.005464481,0,0,0,0.010928962
PF08899,lake,3,0.089552239,0.104477612,0,0,0,0,0.014925373,0,0,0,0,0.059701493,0,0,0,0.014925373,0,0,0,0,0,0,0,0,0,0,0,0.059701493,0,0,0.074626866,0.52238806,0,0,0,0.014925373,0,0,0,0,0,0.029850746,0,0,0.014925373,0
PF09493,lake,3,0,0,0,0,0,0,0,0,0,0,0.0125,0,0,0,0,0,0,0,0,0,0,0,0,0,0,0,0,0,0,0,0,0.9375,0,0,0,0,0,0,0,0,0,0,0,0,0,0.05
PF09656,lake,3,0,0.784660767,0,0,0,0.002949853,0,0.002949853,0,0,0,0,0,0,0,0,0,0,0,0,0.017699115,0,0,0,0,0,0,0.008849558,0,0,0.014749263,0.162241888,0,0,0,0.002949853,0,0,0,0,0,0,0,0,0.002949853,0
PF09720,lake,3,0.007092199,0.04964539,0,0,0,0.269503546,0.007092199,0,0,0,0,0,0,0,0,0,0,0,0,0,0.021276596,0,0,0.007092199,0.007092199,0,0,0.014184397,0,0,0.035460993,0.531914894,0,0,0,0.007092199,0,0,0,0,0,0,0,0.007092199,0.028368794,0.007092199
PF09834,lake,3,0,0,0,0,0,0.264705882,0,0,0,0,0,0,0,0,0,0,0,0,0.023529412,0,0.005882353,0,0,0.002941176,0,0,0,0,0,0,0,0.688235294,0,0,0,0,0,0.002941176,0,0,0,0,0,0.002941176,0.005882353,0.002941176
PF09838,lake,3,0,0,0,0,0,0,0,0,0,0,0,0,0,0,0,0,0,0,0,0,0,0,0,0,0,0,0,0,0,0,0,0.997732426,0,0,0,0,0,0,0,0,0,0,0,0.002267574,0,0
PF10985,lake,3,0,0,0,0,0,0.697435897,0,0,0,0,0,0,0,0,0,0,0,0,0,0,0.005128205,0,0,0,0,0,0,0,0,0,0,0.297435897,0,0,0,0,0,0,0,0,0,0,0,0,0,0
PF11137,lake,3,0,0,0,0,0,0,0,0,0,0,0,0,0,0,0,0,0,0,0,0,0,0,0,0,0,0.003367003,0,0,0,0,0,0.993265993,0,0,0,0,0,0,0,0,0,0,0,0.003367003,0,0
PF11174,lake,3,0,0.004424779,0,0,0,0,0,0,0,0,0,0,0,0,0,0,0,0,0,0,0,0,0,0,0,0,0,0,0,0,0,0.991150442,0,0,0,0,0,0,0,0,0,0,0,0.004424779,0,0
PF11697,lake,3,0.008333333,0.05,0,0,0,0.025,0,0,0.008333333,0,0,0.016666667,0,0,0,0,0,0,0,0,0,0,0,0.008333333,0,0,0,0,0,0,0,0.85,0,0.008333333,0,0,0,0.008333333,0,0,0,0,0,0,0,0.016666667
PF13455,lake,3,0,0.08,0,0,0,0.16,0,0,0,0,0,0,0,0.006666667,0.006666667,0,0,0,0.006666667,0,0.026666667,0.446666667,0,0,0,0.006666667,0,0,0,0,0.02,0.22,0,0,0,0,0,0,0,0,0,0,0,0.013333333,0.006666667,0
PF13937,lake,3,0,0.010714286,0,0,0.001785714,0.142857143,0.001785714,0,0.001785714,0.003571429,0.003571429,0.005357143,0,0,0,0,0,0,0.042857143,0,0.085714286,0,0,0,0,0,0,0,0,0,0,0.694642857,0,0,0.001785714,0,0,0,0,0,0,0.001785714,0,0.001785714,0,0
PF14216,lake,3,0,0.5,0,0.009433962,0,0.009433962,0,0,0,0,0,0,0,0.094339623,0,0,0,0,0,0,0.009433962,0.037735849,0,0,0,0,0,0,0,0,0,0.330188679,0,0,0,0,0.009433962,0,0,0,0,0,0,0,0,0
PF14255,lake,3,0.003546099,0,0,0,0,0.226950355,0.003546099,0,0,0,0.003546099,0,0,0,0,0,0,0,0,0,0,0,0,0.007092199,0,0,0,0,0,0,0.014184397,0.719858156,0,0,0.007092199,0,0,0,0,0,0,0,0,0,0.010638298,0.003546099
PF14261,lake,3,0,0.019607843,0,0,0,0,0,0,0,0,0.019607843,0,0,0,0,0,0,0,0,0,0.431372549,0,0,0,0,0,0,0,0,0,0,0.529411765,0,0,0,0,0,0,0,0,0,0,0,0,0,0
PF16277,lake,3,0.020408163,0.265306122,0,0,0,0.163265306,0.020408163,0,0,0,0.020408163,0.040816327,0,0,0,0,0,0,0,0,0.12244898,0,0,0,0,0,0,0.020408163,0,0,0.020408163,0.306122449,0,0,0,0,0,0,0,0,0,0,0,0,0,0
lake1,lake,3,0,0,0,0,0,0,0,0,0,0,0,0,0,0,0,0,0,0,0,0,0,0,0,0,0,0,0,0,0,0,0,0,0,0,0,0,0,0,0,0,0,0,0,0,0,0
lake2,lake,3,0,0,0,0,0,0,0,0,0,0,0,0,0,0,0,0,0,0,0,0,0,0,0,0,0,0,0,0,0,0,0,0,0,0,0,0,0,0,0,0,0,0,0,0,0,0
lake3,lake,3,0,0,0,0,0,0,0,0,0,0,0,0,0,0,0,0,0,0,0,0,0,0,0,0,0,0,0,0,0,0,0,0,0,0,0,0,0,0,0,0,0,0,0,0,0,0
lake4,lake,3,0,0,0,0,0,0,0,0,0,0,0,0,0,0,0,0,0,0,0,0,0,0,0,0,0,0,0,0,0,0,0,0,0,0,0,0,0,0,0,0,0,0,0,0,0,0
lake5,lake,3,0,0,0,0,0,0,0,0,0,0,0,0,0,0,0,0,0,0,0,0,0,0,0,0,0,0,0,0,0,0,0,0,0,0,0,0,0,0,0,0,0,0,0,0,0,0
lake6,lake,3,0,0,0,0,0,0,0,0,0,0,0,0,0,0,0,0,0,0,0,0,0,0,0,0,0,0,0,0,0,0,0,0,0,0,0,0,0,0,0,0,0,0,0,0,0,0
PF02326,soil,4,0,0,0,0,0,0,0,0,0,0,0,0,0,0,0,0,0,0,0,0,0,0,0,0,0,0,0,0,0,0,0,0.375,0,0,0,0,0,0,0,0,0,0,0,0,0,0.625
PF02465,soil,4,0.00621118,0.069565217,0,0,0.00621118,0,0.001242236,0,0.00621118,0,0,0,0,0,0,0,0,0,0,0.001242236,0.291925466,0,0,0.002484472,0,0.002484472,0,0.003726708,0,0,0.007453416,0.568944099,0,0,0.001242236,0.008695652,0,0,0.001242236,0,0,0.002484472,0.004968944,0.009937888,0.002484472,0.001242236
PF02656,soil,4,0.001243781,0.375621891,0.018656716,0.001243781,0.003731343,0.110696517,0,0.001243781,0,0.001243781,0.001243781,0.001243781,0,0,0.001243781,0,0,0.009950249,0.001243781,0,0.073383085,0.160447761,0,0,0,0.001243781,0,0.003731343,0.001243781,0,0.007462687,0.211442786,0,0.001243781,0.002487562,0,0,0.001243781,0,0,0,0.001243781,0,0.001243781,0,0.004975124
PF03203,soil,4,0.007117438,0,0.039145907,0,0,0.402135231,0.003558719,0,0,0,0,0,0,0,0,0,0,0,0,0,0,0,0,0,0,0.003558719,0,0,0,0,0.003558719,0.540925267,0,0,0,0,0,0,0,0,0,0,0,0,0,0
PF03350,soil,4,0,0.082608696,0,0,0.010869565,0.02173913,0,0,0.004347826,0,0,0.015217391,0,0,0,0,0,0,0.002173913,0,0,0,0,0,0,0.002173913,0,0.008695652,0,0,0,0.819565217,0,0,0,0,0,0,0,0,0,0,0,0.004347826,0.002173913,0.026086957
PF03626,soil,4,0.006160164,0.055441478,0,0,0,0.229979466,0.001026694,0.001026694,0.008213552,0,0,0,0,0,0,0,0,0,0.021560575,0,0.176591376,0,0,0.002053388,0,0.002053388,0,0,0,0,0.006160164,0.481519507,0,0,0.002053388,0,0,0,0,0,0,0,0,0.001026694,0.004106776,0.001026694
PF03729,soil,4,0.002361275,0.325855962,0,0,0,0.108618654,0,0.001180638,0.002361275,0,0,0,0,0,0,0,0,0,0.027154664,0.001180638,0.118063754,0.001180638,0.001180638,0.001180638,0,0,0,0.002361275,0,0,0.007083825,0.388429752,0,0,0,0.003541913,0,0,0.003541913,0,0,0,0,0.002361275,0.001180638,0.001180638
PF03733,soil,4,0,0.462318841,0,0.001449275,0,0.08115942,0,0,0.010144928,0,0,0,0,0,0.001449275,0,0,0,0.020289855,0,0.066666667,0.175362319,0,0.001449275,0,0.002898551,0,0.001449275,0.001449275,0.001449275,0,0.163768116,0,0.001449275,0,0,0,0,0,0.001449275,0,0,0,0.005797101,0,0
PF03777,soil,4,0,1,0,0,0,0,0,0,0,0,0,0,0,0,0,0,0,0,0,0,0,0,0,0,0,0,0,0,0,0,0,0,0,0,0,0,0,0,0,0,0,0,0,0,0,0
PF03780,soil,4,0,0.390738061,0,0,0,0,0,0.001447178,0.01447178,0,0,0.010130246,0,0,0,0,0,0,0,0,0.544138929,0,0.002894356,0,0.001447178,0,0,0,0,0,0,0.001447178,0,0,0,0,0,0,0.002894356,0.010130246,0,0,0.00723589,0.013024602,0,0
PF03988,soil,4,0,0.385714286,0,0,0,0.076190476,0,0,0,0,0,0.004761905,0,0,0,0,0,0,0,0,0.080952381,0.004761905,0,0,0,0,0,0,0,0,0,0.442857143,0,0,0,0,0,0.004761905,0,0,0,0,0,0,0,0
PF03993,soil,4,0.00131406,0.550591327,0,0,0,0.295663601,0.00131406,0,0,0,0,0,0,0,0,0,0,0,0,0,0.005256242,0,0,0,0,0,0,0,0,0,0,0.14586071,0,0,0,0,0,0,0,0,0,0,0,0,0,0
PF03994,soil,4,0.001636661,0.301145663,0,0,0,0.081833061,0,0,0,0,0,0,0,0,0,0,0,0,0,0,0.258592471,0,0,0.003273322,0.001636661,0,0,0,0,0,0.003273322,0.338788871,0,0,0.003273322,0,0,0,0,0,0,0,0,0.003273322,0.001636661,0.001636661
PF04087,soil,4,0,0.301003344,0,0,0,0.304347826,0.001672241,0,0.010033445,0,0.001672241,0,0,0,0,0,0,0,0.060200669,0,0.071906355,0.006688963,0,0.001672241,0,0.04180602,0,0.001672241,0,0,0.003344482,0.178929766,0,0,0.003344482,0,0,0.006688963,0,0,0,0,0.001672241,0.001672241,0,0.001672241
PF04120,soil,4,0.010714286,0.114285714,0,0,0,0.317857143,0,0,0.003571429,0,0,0.003571429,0,0,0,0,0,0,0,0,0,0.128571429,0,0,0,0.003571429,0,0.003571429,0,0,0.007142857,0.4,0,0,0,0,0,0,0,0,0,0,0,0,0.007142857,0
PF04186,soil,4,0,0.284351145,0,0,0,0.001908397,0,0,0,0,0,0,0,0,0,0,0,0,0.032442748,0.000954198,0.158396947,0,0,0,0,0,0,0,0,0,0.002862595,0.51240458,0,0,0.001908397,0.002862595,0,0,0,0,0,0,0,0,0.000954198,0.000954198
PF04214,soil,4,0.002159827,0.002159827,0,0,0,0.006479482,0.002159827,0,0,0,0,0,0,0,0,0,0,0,0.01511879,0,0,0,0,0.004319654,0,0.002159827,0,0,0,0,0,0.956803456,0,0,0.004319654,0,0,0,0,0,0,0,0,0.004319654,0,0
PF04256,soil,4,0,0.013888889,0,0,0,0.430555556,0,0,0,0.013888889,0,0,0,0,0,0,0,0,0.125,0,0.208333333,0,0,0,0,0,0,0,0,0,0.041666667,0.125,0,0,0,0.013888889,0,0,0,0,0,0.013888889,0,0,0.013888889,0
PF04294,soil,4,0,0.428294574,0,0,0,0.031007752,0,0,0.01744186,0,0,0.013565891,0,0,0,0,0,0,0,0,0.457364341,0,0,0,0,0,0,0,0,0,0,0.040697674,0,0,0,0,0,0,0,0,0,0,0,0.011627907,0,0
PF04306,soil,4,0,0.284615385,0,0,0,0.24,0,0,0.009230769,0,0.003076923,0.010769231,0,0,0,0,0,0,0.043076923,0,0.278461538,0,0,0.001538462,0.001538462,0,0,0,0,0,0.007692308,0.106153846,0,0,0,0.004615385,0,0,0,0,0,0,0,0.001538462,0.006153846,0.001538462
PF04328,soil,4,0.002666667,0.365333333,0,0,0,0,0,0,0,0,0,0,0,0,0,0,0,0,0,0,0.090666667,0,0,0.005333333,0,0.005333333,0,0,0,0,0,0.528,0,0,0,0,0,0,0,0,0,0,0,0.002666667,0,0
PF04341,soil,4,0.001582278,0.493670886,0,0,0.004746835,0.009493671,0,0,0,0,0,0.003164557,0,0,0,0,0,0,0.001582278,0,0.129746835,0,0,0.001582278,0,0.001582278,0,0,0,0,0.004746835,0.340189873,0,0,0,0,0,0,0,0,0,0,0,0,0.006329114,0.001582278
PF04347,soil,4,0.004733728,0.065088757,0,0,0,0,0.001183432,0.001183432,0.00591716,0,0,0,0,0,0,0,0,0,0,0.001183432,0.267455621,0,0,0.001183432,0,0,0,0.003550296,0,0,0.007100592,0.615384615,0,0,0.001183432,0.008284024,0,0,0,0,0,0.002366864,0.002366864,0.008284024,0.002366864,0.001183432
PF04366,soil,4,0.006791171,0,0,0,0,0.069609508,0,0,0,0,0,0,0,0,0.001697793,0,0,0,0,0,0.005093379,0.208828523,0,0,0,0.003395586,0,0.003395586,0,0,0.006791171,0.640067912,0,0.001697793,0,0.001697793,0,0.010186757,0.005093379,0,0,0,0.003395586,0.003395586,0.003395586,0.025466893
PF04367,soil,4,0.002717391,0,0,0,0.001358696,0.192934783,0.001358696,0.001358696,0.002717391,0,0.002717391,0.002717391,0,0,0,0,0,0,0.043478261,0.001358696,0.057065217,0,0.001358696,0.002717391,0.001358696,0,0,0.005434783,0,0,0.00951087,0.637228261,0,0,0,0.002717391,0,0,0.002717391,0,0,0,0,0.002717391,0.006793478,0.017663043
PF04380,soil,4,0,0,0,0,0,0,0,0,0,0,0,0,0,0,0,0,0,0,0,0,0,0,0,0,0,0.001375516,0,0,0,0,0,0.995873453,0,0.001375516,0,0,0,0,0,0,0,0,0,0.001375516,0,0
PF04417,soil,4,0,0.842424242,0.02020202,0,0.002020202,0,0,0,0,0,0,0,0,0,0,0,0,0.016161616,0,0,0.012121212,0.006060606,0,0,0,0,0,0,0,0,0,0.072727273,0,0,0,0,0,0.012121212,0.004040404,0,0,0,0.01010101,0,0,0.002020202
PF04505,soil,4,0,0.522012579,0,0,0,0.283018868,0,0,0,0,0,0,0,0,0,0,0,0,0,0,0.006289308,0.006289308,0,0,0,0.031446541,0,0,0,0,0.006289308,0.13836478,0,0.006289308,0,0,0,0,0,0,0,0,0,0,0,0
PF04706,soil,4,0,0,0.083333333,0.041666667,0,0,0,0,0,0,0,0,0,0,0,0,0,0,0,0,0,0.041666667,0,0,0,0.5,0,0,0,0,0,0.333333333,0,0,0,0,0,0,0,0,0,0,0,0,0,0
PF04956,soil,4,0.003215434,0.009646302,0,0,0,0,0.003215434,0,0,0.003215434,0.003215434,0.003215434,0,0,0,0,0,0,0,0,0.032154341,0,0,0,0,0.006430868,0,0.003215434,0,0,0,0.922829582,0,0,0.006430868,0.003215434,0,0,0,0,0,0,0,0,0,0
PF05071,soil,4,0,0,0.005444646,0.001814882,0,0,0,0,0,0,0,0,0,0,0.001814882,0,0,0.012704174,0,0,0,0.215970962,0,0,0,0.09800363,0,0,0.001814882,0,0,0.618874773,0,0.001814882,0,0,0,0.012704174,0,0,0,0,0,0.001814882,0,0.02722323
PF05101,soil,4,0.009966777,0,0,0,0,0,0,0,0,0,0.003322259,0,0,0,0,0,0,0,0,0,0.006644518,0,0.003322259,0,0,0.003322259,0,0.003322259,0,0,0,0.956810631,0,0,0.006644518,0.003322259,0,0,0,0,0,0,0,0.003322259,0,0
PF05119,soil,4,0.007017544,0.094736842,0,0,0,0.024561404,0.003508772,0,0,0,0,0,0,0,0,0,0,0,0,0,0.343859649,0,0,0,0,0.003508772,0,0.003508772,0,0,0.007017544,0.49122807,0,0,0.003508772,0,0,0,0.003508772,0,0,0,0.003508772,0.007017544,0,0.003508772
PF05120,soil,4,0,0.696774194,0,0,0,0,0,0,0,0,0,0,0,0,0,0,0,0,0,0,0.24516129,0,0,0.006451613,0,0,0,0,0,0,0,0.051612903,0,0,0,0,0,0,0,0,0,0,0,0,0,0
PF05154,soil,4,0.001133787,0.265306122,0,0.001133787,0,0.201814059,0,0,0.002267574,0,0.003401361,0.004535147,0.001133787,0,0,0,0,0,0.010204082,0,0.106575964,0.017006803,0.001133787,0.001133787,0,0.062358277,0,0,0.001133787,0.001133787,0.005668934,0.297052154,0,0,0.001133787,0.002267574,0,0,0,0.005668934,0,0,0,0.001133787,0.004535147,0.001133787
PF05284,soil,4,0,0,0,0,0,0,0,0,0,0,0.005649718,0,0,0,0,0,0,0,0,0,0,0,0,0,0,0.005649718,0,0,0,0,0,0.988700565,0,0,0,0,0,0,0,0,0,0,0,0,0,0
PF05305,soil,4,0,1,0,0,0,0,0,0,0,0,0,0,0,0,0,0,0,0,0,0,0,0,0,0,0,0,0,0,0,0,0,0,0,0,0,0,0,0,0,0,0,0,0,0,0,0
PF05360,soil,4,0.002617801,0.311518325,0,0,0,0.272251309,0,0,0,0,0,0.005235602,0,0,0,0,0,0,0,0,0.138743455,0,0,0,0,0,0,0,0,0,0,0.264397906,0,0,0.002617801,0,0,0,0,0,0,0,0,0.002617801,0,0
PF05425,soil,4,0.001212121,0.446060606,0,0,0.001212121,0.019393939,0.001212121,0,0.00969697,0,0,0.002424242,0,0,0,0,0,0,0.015757576,0,0.093333333,0,0,0.001212121,0,0.001212121,0,0,0,0,0,0.406060606,0,0,0,0,0,0,0,0,0.001212121,0,0,0,0,0
PF05957,soil,4,0.004914005,0,0,0,0,0,0,0,0.002457002,0,0,0,0,0,0,0,0,0,0,0,0,0,0,0,0,0.002457002,0,0,0,0,0.007371007,0.968058968,0,0,0,0,0,0,0,0,0,0,0,0.002457002,0.012285012,0
PF06127,soil,4,0.001694915,0.028813559,0.005084746,0.001694915,0,0.193220339,0,0,0,0,0,0,0,0,0.001694915,0,0,0.013559322,0,0,0.022033898,0.191525424,0,0,0,0,0,0,0.001694915,0,0.005084746,0.491525424,0,0.001694915,0,0,0,0.010169492,0,0,0,0,0,0.003389831,0,0.027118644
PF06146,soil,4,0,0.02244389,0,0,0.014962594,0.009975062,0,0,0,0.007481297,0.004987531,0.007481297,0.002493766,0,0,0,0,0,0.057356608,0,0.127182045,0,0,0,0,0.002493766,0,0.009975062,0,0,0.002493766,0.725685786,0,0,0,0,0,0,0,0,0,0.004987531,0,0,0,0
PF06170,soil,4,0,0.001831502,0,0,0,0.380952381,0,0,0.003663004,0,0.001831502,0,0,0,0,0,0,0,0,0,0.001831502,0,0,0.001831502,0,0,0,0,0,0,0.005494505,0.598901099,0,0,0,0,0,0,0,0,0,0,0,0,0.001831502,0.001831502
PF06289,soil,4,0.012944984,0.174757282,0,0,0,0.003236246,0,0,0.01618123,0,0,0,0,0,0,0,0,0,0,0.003236246,0.676375405,0,0,0,0,0,0,0,0,0,0.01618123,0.035598706,0,0,0,0.019417476,0,0,0.006472492,0,0,0,0.012944984,0.022653722,0,0
PF06348,soil,4,0.010695187,0.374331551,0,0,0,0.042780749,0,0,0,0,0,0,0,0,0,0,0,0,0.096256684,0,0.005347594,0,0,0,0,0,0,0.005347594,0,0,0,0.459893048,0,0,0,0,0,0,0,0,0.005347594,0,0,0,0,0
PF06412,soil,4,0,0.013333333,0,0,0,0,0,0,0,0,0,0,0,0,0,0,0,0,0,0,0,0,0,0,0,0,0,0,0,0,0,0.986666667,0,0,0,0,0,0,0,0,0,0,0,0,0,0
PF06718,soil,4,0,0.398373984,0,0,0,0.073170732,0,0,0,0,0,0,0,0,0,0,0,0,0,0,0.004065041,0.012195122,0,0.004065041,0,0,0,0,0,0,0,0.508130081,0,0,0,0,0,0,0,0,0,0,0,0,0,0
PF06724,soil,4,0,0.521472393,0,0.00204499,0,0.08997955,0.00204499,0,0.00204499,0,0,0.00204499,0,0,0,0,0,0,0,0,0.065439673,0.010224949,0,0.00204499,0,0,0,0,0,0,0.00408998,0.294478528,0,0,0.00408998,0,0,0,0,0,0,0,0,0,0,0
PF06736,soil,4,0.009803922,0.343137255,0,0,0,0.242647059,0,0,0.004901961,0,0,0.004901961,0,0,0,0,0,0,0.026960784,0,0.112745098,0,0,0.00245098,0,0.007352941,0,0.00245098,0,0,0.00245098,0.235294118,0,0,0,0,0,0.00245098,0,0,0,0,0,0,0.00245098,0
PF06906,soil,4,0,0.087804878,0,0,0,0.12195122,0,0,0,0,0.004878049,0,0,0,0,0,0,0,0.004878049,0,0.024390244,0,0,0,0,0.004878049,0,0.004878049,0,0,0,0.746341463,0,0,0,0,0,0,0,0,0,0,0,0,0,0
PF07027,soil,4,0,0,0,0,0,0,0,0,0,0,0,0,0,0,0,0,0,0,0,0,0,0,0,0,0,0.004032258,0,0.008064516,0,0,0.004032258,0.971774194,0,0,0,0,0,0,0,0,0,0,0,0,0.012096774,0
PF07087,soil,4,0,0.254901961,0,0,0,0.029411765,0,0,0,0,0,0,0,0,0,0,0,0,0,0,0,0,0,0.009803922,0,0,0,0.019607843,0,0,0,0.666666667,0,0,0,0,0,0,0,0,0,0,0,0,0.019607843,0
PF07098,soil,4,0,0.592039801,0,0,0,0.024875622,0,0,0,0,0,0,0,0,0,0,0,0,0,0,0.353233831,0,0,0,0,0,0,0,0,0,0,0.029850746,0,0,0,0,0,0,0,0,0,0,0,0,0,0
PF07167,soil,4,0,0.065180103,0,0,0,0.001715266,0,0,0,0,0,0,0,0,0,0,0,0,0,0,0,0,0,0,0,0.003430532,0,0,0,0,0,0.924528302,0,0.001715266,0,0,0,0,0,0,0.001715266,0,0,0.001715266,0,0
PF07196,soil,4,0.002222222,0.017777778,0,0,0.006666667,0,0,0,0.006666667,0,0,0,0,0,0,0,0,0,0,0.002222222,0.122222222,0,0,0.004444444,0,0,0,0.002222222,0,0,0.013333333,0.797777778,0,0,0,0.008888889,0,0,0.002222222,0,0,0,0.008888889,0.004444444,0,0
PF07330,soil,4,0,0,0,0,0,0,0,0,0,0,0,0,0,0,0,0,0,0,0,0,0,0,0,0,0,0,0,0,0,0,0,1,0,0,0,0,0,0,0,0,0,0,0,0,0,0
PF07331,soil,4,0.001222494,0.246943765,0,0,0,0,0.001222494,0,0.001222494,0,0,0.004889976,0,0,0,0,0,0,0.009779951,0,0.166259169,0,0.001222494,0,0.001222494,0.001222494,0,0,0,0,0,0.548899756,0,0,0,0.004889976,0,0,0.002444988,0,0,0,0.003667482,0.004889976,0,0
PF07332,soil,4,0.002022245,0.411526795,0,0,0,0.149646107,0.001011122,0,0.001011122,0,0,0.004044489,0,0,0,0,0.001011122,0,0.001011122,0.001011122,0,0,0,0.001011122,0,0.001011122,0,0.002022245,0,0,0.005055612,0.40950455,0,0,0.002022245,0,0,0,0,0,0,0,0,0.001011122,0.005055612,0.001011122
PF07386,soil,4,0,0.004405286,0.002202643,0,0,0.011013216,0.002202643,0,0.002202643,0,0.004405286,0,0,0,0,0,0,0,0,0,0.0969163,0,0,0,0,0.002202643,0,0.004405286,0,0,0.004405286,0.817180617,0,0,0.004405286,0.002202643,0,0.002202643,0,0,0,0,0,0,0.002202643,0.037444934
PF07452,soil,4,0.011331445,0.1898017,0,0,0,0.158640227,0.002832861,0,0.011331445,0,0.002832861,0,0,0.002832861,0,0,0,0,0.011331445,0,0.07082153,0.099150142,0,0.002832861,0,0.053824363,0,0,0,0,0,0.362606232,0,0,0.005665722,0,0,0,0,0,0,0,0,0.002832861,0.002832861,0.008498584
PF07485,soil,4,0.007692308,0.146153846,0,0,0,0.138461538,0,0,0,0,0.007692308,0,0,0.015384615,0,0,0,0,0,0,0.461538462,0,0,0.007692308,0,0,0,0,0,0,0,0.215384615,0,0,0,0,0,0,0,0,0,0,0,0,0,0
PF07584,soil,4,0.003546099,0.209219858,0,0,0,0.278959811,0.001182033,0,0.004728132,0,0.001182033,0,0,0,0,0,0,0,0.013002364,0.001182033,0.066193853,0,0,0.002364066,0.001182033,0,0,0,0,0,0.010638298,0.398345154,0,0,0.002364066,0,0,0,0,0,0,0,0,0,0.004728132,0.001182033
PF07784,soil,4,0.006779661,0.305084746,0,0,0,0.088135593,0,0,0.006779661,0,0,0.010169492,0,0,0,0,0,0,0.003389831,0,0.155932203,0,0.003389831,0,0,0,0,0,0,0,0,0.410169492,0,0,0,0,0,0,0,0,0,0,0,0.006779661,0.003389831,0
PF07812,soil,4,0.010752688,0.376344086,0,0,0,0,0.010752688,0,0,0,0,0,0,0,0,0,0,0,0.11827957,0,0.010752688,0.010752688,0,0,0,0,0,0,0,0,0,0.462365591,0,0,0,0,0,0,0,0,0,0,0,0,0,0
PF07843,soil,4,0.006578947,0.013157895,0,0,0,0.539473684,0,0,0.006578947,0.006578947,0,0,0,0,0,0,0,0,0.006578947,0,0.296052632,0,0,0.006578947,0,0,0,0,0,0,0.006578947,0.098684211,0,0,0,0,0,0,0,0,0,0,0,0.006578947,0.006578947,0
PF07869,soil,4,0,0,0,0,0,0,0,0,0,0,0,0,0,0,0,0,0,0,0,0,0,0,0,0,0,0,0,0,0,0,0,0.991631799,0,0,0,0,0,0,0,0,0,0,0,0,0.0041841,0.0041841
PF07879,soil,4,0,0.003676471,0,0,0,0.003676471,0,0,0.001838235,0,0,0,0,0,0,0,0,0,0,0,0,0,0,0,0,0,0,0,0,0,0,0.983455882,0,0.001838235,0.003676471,0,0,0,0,0,0,0,0,0.001838235,0,0
PF08044,soil,4,0,0.941176471,0,0,0,0.003095975,0,0,0,0,0,0,0,0,0,0,0,0,0.00619195,0,0,0,0,0.00619195,0,0,0,0,0,0,0,0.037151703,0,0,0,0.00619195,0,0,0,0,0,0,0,0,0,0
PF08310,soil,4,0.005128205,0.897435897,0,0,0,0.035897436,0,0,0,0,0,0.01025641,0,0,0,0,0,0,0.005128205,0,0,0.01025641,0,0,0,0.005128205,0,0,0,0,0,0.030769231,0,0,0,0,0,0,0,0,0,0,0,0,0,0
PF08406,soil,4,0.004618938,0.092378753,0,0,0,0.043879908,0,0,0.002309469,0,0,0,0,0.011547344,0,0,0,0,0.009237875,0,0.046189376,0,0,0.002309469,0,0,0,0.009237875,0,0,0,0.773672055,0,0,0,0,0,0,0,0,0,0,0,0.002309469,0.002309469,0
PF08482,soil,4,0.004255319,0.260638298,0,0,0,0.05,0,0,0,0,0,0.007446809,0,0,0,0,0,0,0,0,0.034042553,0,0,0.00212766,0,0.00106383,0,0.003191489,0,0,0.006382979,0.612765957,0,0,0.00212766,0.005319149,0,0,0,0,0,0,0,0,0.006382979,0.004255319
PF08570,soil,4,0,0.129496403,0.002398082,0,0,0.232613909,0.002398082,0.002398082,0,0,0,0,0,0,0,0,0,0,0,0,0.040767386,0.206235012,0,0,0,0.004796163,0,0,0,0,0,0.366906475,0,0,0.002398082,0.009592326,0,0,0,0,0,0,0,0,0,0
PF08592,soil,4,0.003745318,0.436329588,0.001872659,0.001872659,0,0.125468165,0.001872659,0,0,0,0,0.001872659,0,0,0.001872659,0,0,0,0,0,0.02247191,0.18164794,0,0,0,0,0,0,0,0,0.001872659,0.209737828,0,0,0,0,0,0.007490637,0,0,0,0,0,0,0,0.001872659
PF08706,soil,4,0.002985075,0.197014925,0,0,0,0.050746269,0.002985075,0,0.002985075,0,0,0.002985075,0,0.050746269,0,0,0,0,0.017910448,0,0.214925373,0.014925373,0,0.002985075,0,0,0,0.002985075,0,0,0.008955224,0.385074627,0.002985075,0,0,0.005970149,0.008955224,0,0.002985075,0,0.002985075,0,0,0.014925373,0,0.002985075
PF08867,soil,4,0,0.092436975,0,0,0,0.201680672,0,0,0,0,0,0.004201681,0,0,0,0,0,0,0.012605042,0,0.151260504,0,0,0.004201681,0,0.004201681,0,0.004201681,0,0,0.004201681,0.487394958,0,0,0,0.012605042,0,0,0.004201681,0,0,0,0,0.012605042,0.004201681,0
PF08906,soil,4,0,0.155339806,0,0,0,0.165048544,0,0,0,0,0,0,0,0,0,0,0,0,0,0,0.155339806,0.019417476,0,0,0,0.009708738,0,0,0,0,0.019417476,0.466019417,0,0,0,0,0,0,0,0,0,0,0,0,0.009708738,0
PF09326,soil,4,0,0,0.005769231,0,0,0,0,0,0,0,0,0,0,0,0.001923077,0,0,0,0,0,0,0.219230769,0,0,0,0.1,0,0,0.001923077,0,0,0.640384615,0,0,0,0,0,0,0,0,0,0,0,0.001923077,0,0.028846154
PF09348,soil,4,0.003174603,0.857142857,0,0.003174603,0,0.038095238,0,0,0,0,0,0.006349206,0,0,0,0,0,0,0,0,0,0,0,0,0,0,0,0,0,0,0.012698413,0.015873016,0,0,0.006349206,0,0,0.003174603,0,0,0,0,0,0,0.006349206,0.047619048
PF09350,soil,4,0.00152207,0.340943683,0,0,0,0,0,0,0.00608828,0,0.00152207,0,0,0,0.00152207,0,0,0,0,0,0.152207002,0.168949772,0,0,0,0.03805175,0,0,0,0,0.00152207,0.260273973,0,0,0,0,0,0.00152207,0,0,0,0.00304414,0,0.00304414,0.00152207,0.01826484
PF09356,soil,4,0,0,0,0,0,0,0,0,0,0,0,0,0,0,0,0,0,0,0,0,0.007380074,0,0,0,0,0,0,0.003690037,0,0,0.003690037,0.981549815,0,0,0,0,0,0,0,0,0,0,0,0.003690037,0,0
PF09361,soil,4,0,0,0,0,0,0,0,0,0,0,0,0,0,0,0,0,0,0,0,0,0,0,0,0,0,0.002040816,0,0,0,0,0,0.995918367,0,0,0,0,0,0,0,0,0,0,0,0.002040816,0,0
PF09369,soil,4,0.002312139,0.41849711,0.001156069,0.001156069,0.001156069,0.019653179,0,0,0.015028902,0.003468208,0.001156069,0.008092486,0,0,0.001156069,0,0.001156069,0,0.050867052,0,0.154913295,0.124855491,0,0,0,0.001156069,0,0,0,0,0,0.158381503,0,0.001156069,0,0.006936416,0,0.005780347,0.002312139,0,0.001156069,0,0,0.001156069,0.001156069,0.016184971
PF09489,soil,4,0.002808989,0.449438202,0,0,0,0,0,0,0.002808989,0,0,0,0,0,0,0,0,0,0.050561798,0,0.014044944,0,0,0,0,0,0,0.002808989,0,0,0,0.474719101,0,0,0,0,0,0,0,0,0.002808989,0,0,0,0,0
PF09509,soil,4,0.008403361,0.504201681,0,0,0,0.092436975,0,0,0.025210084,0,0,0,0,0,0,0,0,0,0,0,0.092436975,0,0,0,0,0,0,0.008403361,0,0,0,0.268907563,0,0,0,0,0,0,0,0,0,0,0,0,0,0
PF09550,soil,4,0,0,0,0,0,0,0,0,0,0,0,0,0,0,0,0,0,0,0,0,0.018691589,0,0,0,0,0.004672897,0,0,0,0,0,0.976635514,0,0,0,0,0,0,0,0,0,0,0,0,0,0
PF09557,soil,4,0,0.521428571,0,0,0,0.071428571,0,0,0,0,0.003571429,0.010714286,0,0,0,0,0,0,0,0.003571429,0.142857143,0,0,0,0,0,0,0.003571429,0,0,0.003571429,0.235714286,0,0,0,0,0,0,0,0,0,0,0,0.003571429,0,0
PF09650,soil,4,0,0.004484305,0,0,0,0.031390135,0,0,0,0,0,0,0,0,0,0,0,0,0,0,0,0,0,0,0,0,0,0,0,0,0.004484305,0.946188341,0,0,0.00896861,0,0,0,0,0,0,0,0.004484305,0,0,0
PF09685,soil,4,0.003067485,0.243865031,0,0.001533742,0,0.282208589,0,0,0.007668712,0.001533742,0.003067485,0.009202454,0,0,0,0,0,0,0.035276074,0,0.222392638,0.003067485,0,0,0,0,0,0,0,0,0.007668712,0.170245399,0,0,0.003067485,0,0,0,0,0.001533742,0,0,0,0,0.004601227,0
PF09819,soil,4,0,0.52238806,0,0,0,0,0,0,0,0.002985075,0,0,0,0,0,0,0,0,0.002985075,0,0.444776119,0,0,0,0,0,0,0,0,0,0,0.020895522,0,0,0,0.002985075,0,0,0,0,0,0,0,0.002985075,0,0
PF09828,soil,4,0,0.106280193,0,0,0,0.154589372,0,0,0.004830918,0,0.004830918,0,0,0,0,0,0,0,0,0,0.009661836,0,0,0.004830918,0,0.004830918,0,0,0,0,0,0.70531401,0,0,0,0,0,0,0,0,0,0,0,0.004830918,0,0
PF09858,soil,4,0.031746032,0,0,0,0,0.111111111,0.015873016,0,0.158730159,0,0.015873016,0,0,0,0,0,0,0,0.206349206,0,0.285714286,0,0,0,0,0,0,0,0,0,0,0.095238095,0,0,0.031746032,0,0,0,0,0.015873016,0,0,0,0.031746032,0,0
PF09860,soil,4,0,0.407792208,0,0,0,0,0,0,0.018181818,0,0,0.007792208,0,0,0,0,0,0,0,0,0.394805195,0.002597403,0,0,0,0,0,0,0,0,0,0.150649351,0,0,0,0.01038961,0,0,0,0,0,0,0,0.007792208,0,0
PF09907,soil,4,0.0041841,0,0,0,0,0.389121339,0,0,0.008368201,0,0,0.008368201,0,0,0,0,0,0,0,0,0,0,0,0,0,0.0041841,0,0.0041841,0,0,0,0.560669456,0,0,0,0.0041841,0,0,0,0,0,0,0,0.0041841,0.012552301,0
PF09912,soil,4,0,0,0,0,0,0.469798658,0,0,0,0,0.006711409,0,0,0,0,0,0,0,0,0,0,0,0.003355705,0,0,0.003355705,0,0,0,0,0.006711409,0.503355705,0,0,0,0.006711409,0,0,0,0,0,0,0,0,0,0
PF09923,soil,4,0,0,0,0,0,0,0,0,0,0,0,0,0,0,0,0,0,0,0,0,0,0,0,0,0,0,0,0,0,0,0,1,0,0,0,0,0,0,0,0,0,0,0,0,0,0
PF09926,soil,4,0,0,0,0,0,0.133333333,0,0,0,0,0,0,0,0,0,0,0,0,0,0,0,0,0,0,0,0,0,0,0,0,0,0.866666667,0,0,0,0,0,0,0,0,0,0,0,0,0,0
PF09932,soil,4,0.008230453,0,0,0,0,0,0,0,0,0,0,0,0,0,0,0,0,0,0,0,0.395061728,0,0,0,0,0.004115226,0,0,0,0,0,0.567901235,0,0,0.008230453,0,0,0,0,0,0,0,0.004115226,0.004115226,0.008230453,0
PF09948,soil,4,0.00862069,0.181034483,0,0,0,0.030172414,0,0,0,0,0,0,0,0,0,0,0.004310345,0,0.025862069,0,0.004310345,0,0,0.004310345,0,0,0,0,0,0,0,0.74137931,0,0,0,0,0,0,0,0,0,0,0,0,0,0
PF09949,soil,4,0,0.344827586,0,0,0,0.255898367,0,0,0.003629764,0,0,0.007259528,0,0,0.001814882,0,0,0,0,0,0,0.212341198,0,0.001814882,0,0,0,0,0.001814882,0,0.005444646,0.156079855,0,0,0.001814882,0,0,0.001814882,0,0,0,0,0,0.001814882,0.001814882,0.001814882
PF09954,soil,4,0.005181347,0.170984456,0,0,0,0.082901554,0.002590674,0,0,0,0,0.002590674,0,0,0,0,0,0,0.002590674,0,0.269430052,0,0,0,0,0,0,0,0,0,0.002590674,0.424870466,0,0,0.005181347,0,0,0,0.002590674,0.023316062,0,0,0,0,0.005181347,0
PF09956,soil,4,0,0.093333333,0,0,0.006666667,0,0,0,0,0,0,0,0,0.013333333,0,0,0,0,0,0,0.093333333,0,0,0,0,0.006666667,0,0,0,0,0.006666667,0.773333333,0,0,0,0,0,0,0.006666667,0,0,0,0,0,0,0
PF09962,soil,4,0,0,0,0,0,0.220994475,0,0,0.002762431,0,0,0.008287293,0,0,0,0,0,0,0.03038674,0.002762431,0.453038674,0.154696133,0.002762431,0,0,0,0,0,0,0,0,0.08839779,0,0,0,0.013812155,0,0.002762431,0.002762431,0,0.002762431,0,0.002762431,0.005524862,0,0.005524862
PF09969,soil,4,0.031496063,0.433070866,0,0,0.031496063,0.007874016,0,0,0.023622047,0.007874016,0,0.023622047,0,0,0,0,0,0,0.007874016,0,0.244094488,0,0,0.007874016,0,0,0,0.023622047,0,0,0.031496063,0.102362205,0,0,0,0,0,0,0,0,0.007874016,0,0,0,0.007874016,0.007874016
PF09977,soil,4,0.02173913,0.010869565,0,0,0,0,0,0,0,0,0,0,0,0,0,0,0,0,0,0,0,0,0,0,0,0.010869565,0,0.010869565,0,0,0.032608696,0.913043478,0,0,0,0,0,0,0,0,0,0,0,0,0,0
PF09990,soil,4,0.003333333,0.356666667,0,0,0.01,0.063333333,0,0,0.003333333,0,0.006666667,0.01,0,0,0,0,0,0,0,0,0.016666667,0.076666667,0,0.003333333,0,0,0,0.006666667,0,0,0,0.436666667,0,0,0,0,0,0.003333333,0,0,0,0,0,0.003333333,0,0
PF10002,soil,4,0,0.379166667,0,0,0,0.05,0,0,0.004166667,0,0,0,0,0,0,0,0,0,0.05,0,0.333333333,0,0,0,0,0,0,0,0,0,0.004166667,0.170833333,0,0,0.004166667,0,0,0,0,0,0,0,0,0.004166667,0,0
PF10027,soil,4,0,0.146520147,0,0,0,0.014652015,0.003663004,0,0.007326007,0,0,0,0,0,0,0,0,0,0.003663004,0,0.21978022,0,0,0.003663004,0,0,0,0,0,0,0,0.593406593,0,0,0,0.003663004,0,0,0,0,0,0,0,0.003663004,0,0
PF10041,soil,4,0.005571031,0.844011142,0,0,0,0,0,0,0.013927577,0,0,0,0,0,0,0,0,0,0,0,0.044568245,0,0,0.002785515,0,0,0,0,0,0,0,0.08913649,0,0,0,0,0,0,0,0,0,0,0,0,0,0
PF10047,soil,4,0,0,0,0,0.012048193,0.397590361,0.012048193,0,0,0,0,0,0,0,0,0,0,0,0.024096386,0,0.168674699,0,0,0,0,0,0,0.012048193,0,0,0.048192771,0.289156627,0,0,0,0.012048193,0,0,0,0,0,0.012048193,0,0,0.012048193,0
PF10048,soil,4,0,0,0,0,0,0.00308642,0,0,0,0,0,0,0,0,0,0,0,0,0,0,0,0,0,0,0,0,0,0.00308642,0,0,0,0.990740741,0,0,0,0,0,0,0,0,0,0,0,0.00308642,0,0
PF10056,soil,4,0,0.304147465,0,0,0,0.01843318,0,0,0,0,0,0,0,0,0,0,0,0,0,0,0,0.377880184,0,0,0,0,0,0,0,0,0.023041475,0.267281106,0,0,0,0,0,0,0,0,0,0,0,0,0.004608295,0.004608295
PF10057,soil,4,0,0.029411765,0,0,0,0.011764706,0,0,0,0,0,0,0,0,0,0,0,0,0,0.005882353,0.888235294,0,0,0,0,0,0,0.017647059,0,0,0.017647059,0.011764706,0,0,0,0,0,0,0,0,0,0,0,0.017647059,0,0
PF10066,soil,4,0,0.609271523,0,0,0,0.026490066,0,0,0,0,0,0,0,0,0,0,0,0,0.062913907,0,0.185430464,0,0,0,0,0,0.003311258,0,0,0,0.009933775,0.086092715,0,0,0,0,0,0,0,0,0,0.003311258,0,0.013245033,0,0
PF10069,soil,4,0,0.663265306,0,0,0,0,0,0,0.010204082,0,0.020408163,0,0,0,0,0,0,0,0.275510204,0,0.030612245,0,0,0,0,0,0,0,0,0,0,0,0,0,0,0,0,0,0,0,0,0,0,0,0,0
PF10073,soil,4,0,0,0,0,0,0,0,0,0,0,0,0,0,0,0,0,0,0,0,0,0,0,0,0,0,0,0,0,0,0,0.002915452,0.994169096,0,0.002915452,0,0,0,0,0,0,0,0,0,0,0,0
PF10097,soil,4,0,0.075,0,0,0,0.2,0,0,0,0,0,0,0,0,0,0,0,0,0,0,0.2,0,0,0,0,0,0,0,0,0,0,0.525,0,0,0,0,0,0,0,0,0,0,0,0,0,0
PF10102,soil,4,0.012987013,0,0,0,0,0.116883117,0,0,0,0.012987013,0,0,0,0,0,0,0,0,0.103896104,0,0.038961039,0,0,0,0,0.012987013,0,0,0,0,0.025974026,0.662337662,0,0,0,0,0,0,0,0,0,0,0,0,0.012987013,0
PF10119,soil,4,0,0.047619048,0,0,0,0,0,0,0.00952381,0,0,0,0,0,0,0,0,0,0,0,0.00952381,0,0,0,0,0,0,0,0,0,0.038095238,0.885714286,0,0,0,0,0,0,0,0,0,0,0,0.00952381,0,0
PF10135,soil,4,0.004207574,0,0,0,0.005610098,0,0,0,0,0,0,0,0,0,0,0,0,0,0,0.001402525,0.054698457,0,0,0.001402525,0,0,0,0.002805049,0,0,0.007012623,0.899018233,0,0,0,0.008415147,0,0,0,0,0,0.001402525,0.002805049,0.007012623,0.002805049,0.001402525
PF10442,soil,4,0,0.071428571,0,0,0.005226481,0.144599303,0,0,0.010452962,0,0.005226481,0,0,0,0,0,0,0,0.006968641,0,0.067944251,0.008710801,0,0,0,0.015679443,0,0.005226481,0,0,0.005226481,0.613240418,0,0,0.003484321,0.006968641,0,0.008710801,0,0,0,0,0,0.006968641,0.003484321,0.010452962
PF10517,soil,4,0,0.313846154,0,0,0,0.126153846,0,0,0.003076923,0,0.009230769,0.003076923,0,0,0,0,0,0,0,0,0.027692308,0.024615385,0,0.006153846,0,0.141538462,0,0,0,0,0,0.32,0,0,0,0,0,0,0,0,0,0,0,0,0,0.024615385
PF10543,soil,4,0,0,0,0,0,0.502645503,0,0,0,0,0,0,0,0,0,0,0,0,0,0,0.222222222,0,0.005291005,0,0,0,0,0.010582011,0,0,0.005291005,0.227513228,0,0,0,0.010582011,0,0,0,0,0,0,0,0.010582011,0.005291005,0
PF10546,soil,4,0,0.060606061,0,0,0,0.151515152,0,0,0,0,0,0,0,0,0,0,0,0,0,0,0.060606061,0,0,0,0,0,0,0.03030303,0,0,0,0.636363636,0,0,0,0.03030303,0,0,0,0,0,0,0,0,0.03030303,0
PF10547,soil,4,0,0.06,0,0,0,0.02,0,0,0.06,0,0,0,0,0,0,0,0,0,0,0,0.1,0,0,0,0,0,0,0.02,0,0,0.02,0.7,0,0,0,0,0,0,0,0,0,0,0,0.02,0,0
PF10646,soil,4,0.008090615,0.564724919,0,0,0,0,0,0,0.003236246,0,0.003236246,0.011326861,0,0,0,0,0,0,0,0,0.372168285,0,0.001618123,0,0,0,0,0,0,0,0,0.011326861,0,0,0,0.011326861,0,0,0.003236246,0,0,0,0,0.009708738,0,0
PF10691,soil,4,0,0,0,0,0,0,0,0,0,0,0,0,0,0,0,0,0,0.005714286,0,0,0,0,0,0,0,0,0,0,0,0,0,0.988571429,0,0.005714286,0,0,0,0,0,0,0,0,0,0,0,0
PF10724,soil,4,0,1,0,0,0,0,0,0,0,0,0,0,0,0,0,0,0,0,0,0,0,0,0,0,0,0,0,0,0,0,0,0,0,0,0,0,0,0,0,0,0,0,0,0,0,0
PF10739,soil,4,0,1,0,0,0,0,0,0,0,0,0,0,0,0,0,0,0,0,0,0,0,0,0,0,0,0,0,0,0,0,0,0,0,0,0,0,0,0,0,0,0,0,0,0,0,0
PF10756,soil,4,0,0.953367876,0,0,0.002590674,0.015544041,0,0,0,0,0,0,0,0,0,0,0,0,0.010362694,0,0,0,0,0,0,0,0,0,0,0,0,0.018134715,0,0,0,0,0,0,0,0,0,0,0,0,0,0
PF10823,soil,4,0,0.697530864,0,0,0,0.049382716,0,0,0.037037037,0,0,0.00617284,0,0,0,0,0,0,0.012345679,0,0.172839506,0,0,0.00617284,0,0,0,0,0,0,0,0.018518519,0,0,0,0,0,0,0,0,0,0,0,0,0,0
PF10861,soil,4,0,0.391304348,0,0,0,0.115942029,0.004830918,0,0,0,0,0,0,0,0,0,0,0,0,0,0,0,0,0,0,0,0,0.009661836,0,0,0.019323671,0.439613527,0,0,0,0.009661836,0,0,0,0,0,0,0,0.004830918,0,0.004830918
PF10882,soil,4,0,0,0,0,0,0.224489796,0,0,0.102040816,0.010204082,0,0.040816327,0,0,0,0,0,0,0,0,0.397959184,0,0,0,0,0,0,0,0,0,0,0.173469388,0,0,0,0.010204082,0,0,0,0,0,0,0,0.030612245,0.010204082,0
PF10905,soil,4,0,0.553191489,0,0,0,0.29787234,0,0,0,0,0,0,0,0,0,0,0,0,0,0,0.021276596,0,0,0,0,0,0,0,0,0,0.021276596,0.106382979,0,0,0,0,0,0,0,0,0,0,0,0,0,0
PF10932,soil,4,0,0,0,0,0,0.005235602,0,0,0,0,0,0,0,0,0,0,0,0,0,0,0,0,0,0,0,0,0,0,0,0,0,0.994764398,0,0,0,0,0,0,0,0,0,0,0,0,0,0
PF10944,soil,4,0,0.955555556,0,0,0,0.011111111,0,0,0.011111111,0,0,0,0,0,0,0,0,0,0,0,0,0,0,0,0,0,0,0.011111111,0,0,0,0.005555556,0,0,0,0,0,0,0,0,0,0,0,0.005555556,0,0
PF10947,soil,4,0.004524887,0.067873303,0,0,0.004524887,0.018099548,0,0,0,0,0,0,0,0,0,0,0,0,0,0,0.14479638,0,0.004524887,0.009049774,0,0,0,0.013574661,0,0,0,0.7239819,0,0,0,0,0,0,0,0,0,0,0,0.004524887,0.004524887,0
PF10983,soil,4,0,0,0,0,0,0,0,0,0,0,0,0,0,0,0,0,0,0,0,0,0.015444015,0,0,0,0,0.003861004,0,0.003861004,0,0,0,0.972972973,0,0,0,0,0,0,0,0,0,0,0,0.003861004,0,0
PF10990,soil,4,0.007067138,0.222614841,0,0,0,0.441696113,0,0,0.003533569,0,0,0,0,0,0,0,0,0,0,0,0.166077739,0,0,0.003533569,0,0,0,0,0,0,0.007067138,0.141342756,0,0,0,0,0,0,0,0,0,0,0,0.007067138,0,0
PF11003,soil,4,0,0,0,0,0,0,0,0,0,0,0,0,0,0,0,0,0,0,0,0,0,0,0,0,0,0,0,0,0,0,0,1,0,0,0,0,0,0,0,0,0,0,0,0,0,0
PF11011,soil,4,0,0,0,0,0,0,0,0,0,0,0,0,0,0,0,0,0,0,0,0,0,0,0,0,0,0.003236246,0,0,0,0,0,0.996763754,0,0,0,0,0,0,0,0,0,0,0,0,0,0
PF11026,soil,4,0.005899705,0,0,0,0,0.333333333,0,0,0.002949853,0,0,0.008849558,0,0,0,0,0.002949853,0,0,0.002949853,0.008849558,0,0,0.002949853,0,0.002949853,0,0,0,0,0.01179941,0.589970501,0,0,0,0.01179941,0,0,0,0,0,0,0,0,0.01179941,0.002949853
PF11042,soil,4,0,0.070707071,0,0,0,0.207070707,0,0,0,0,0,0,0,0,0,0,0,0,0,0,0.106060606,0,0,0,0,0,0,0,0,0,0,0.611111111,0,0,0,0,0,0,0,0,0,0,0,0.005050505,0,0
PF11066,soil,4,0.001538462,0.407692308,0,0,0,0.264615385,0.001538462,0.001538462,0.004615385,0,0,0.004615385,0,0,0,0,0,0,0,0,0.004615385,0.001538462,0,0,0,0.001538462,0,0,0,0,0.003076923,0.301538462,0,0,0,0,0,0,0,0,0,0,0,0,0,0.001538462
PF11138,soil,4,0.014336918,0,0,0,0,0.917562724,0.003584229,0,0,0,0,0,0,0,0,0,0,0,0,0,0,0,0,0.007168459,0,0,0,0,0,0,0,0.043010753,0,0,0.007168459,0,0,0,0,0,0,0,0,0,0.007168459,0
PF11141,soil,4,0.015151515,0,0,0,0.007575758,0.143939394,0.007575758,0,0,0,0,0,0,0,0,0,0,0,0,0.007575758,0,0,0,0,0,0,0,0.022727273,0,0,0,0.795454545,0,0,0,0,0,0,0,0,0,0,0,0,0,0
PF11146,soil,4,0.00795756,0.021220159,0,0,0.015915119,0.114058355,0,0,0.018567639,0,0,0.00795756,0,0,0,0,0,0,0,0.00265252,0.381962865,0,0,0,0.00265252,0,0,0.01061008,0,0,0.00530504,0.389920424,0,0,0,0,0,0.00265252,0.00265252,0,0,0.00530504,0.00530504,0.00265252,0.00265252,0
PF11149,soil,4,0,0,0,0,0,0,0,0,0,0,0,0,0,0,0,0.007092199,0,0,0,0,0,0,0,0,0.007092199,0,0,0.007092199,0,0,0.007092199,0.964539007,0,0,0,0,0,0,0,0,0,0,0,0.007092199,0,0
PF11159,soil,4,0,0,0,0,0,0.033613445,0,0,0,0,0,0.016806723,0,0,0,0,0,0,0,0,0.033613445,0,0,0,0,0,0,0,0,0,0,0.915966387,0,0,0,0,0,0,0,0,0,0,0,0,0,0
PF11196,soil,4,0,0.278008299,0,0,0,0.020746888,0,0,0,0,0,0,0,0,0,0,0,0,0,0,0.037344398,0.033195021,0,0.004149378,0,0,0,0,0,0,0,0.622406639,0,0,0,0.004149378,0,0,0,0,0,0,0,0,0,0
PF11222,soil,4,0,1,0,0,0,0,0,0,0,0,0,0,0,0,0,0,0,0,0,0,0,0,0,0,0,0,0,0,0,0,0,0,0,0,0,0,0,0,0,0,0,0,0,0,0,0
PF11225,soil,4,0,0.135135135,0,0,0,0.202702703,0,0,0,0,0,0,0,0,0,0,0,0,0,0,0.108108108,0,0,0,0,0,0,0,0,0,0,0.527027027,0,0,0,0.027027027,0,0,0,0,0,0,0,0,0,0
PF11236,soil,4,0.009324009,0.384615385,0,0,0,0.456876457,0.002331002,0,0.002331002,0,0,0,0,0,0,0,0,0,0,0,0.018648019,0,0,0,0,0.002331002,0,0,0,0,0.002331002,0.111888112,0,0,0.004662005,0,0,0,0,0,0,0,0,0.002331002,0.002331002,0
PF11239,soil,4,0,1,0,0,0,0,0,0,0,0,0,0,0,0,0,0,0,0,0,0,0,0,0,0,0,0,0,0,0,0,0,0,0,0,0,0,0,0,0,0,0,0,0,0,0,0
PF11241,soil,4,0,1,0,0,0,0,0,0,0,0,0,0,0,0,0,0,0,0,0,0,0,0,0,0,0,0,0,0,0,0,0,0,0,0,0,0,0,0,0,0,0,0,0,0,0,0
PF11248,soil,4,0,1,0,0,0,0,0,0,0,0,0,0,0,0,0,0,0,0,0,0,0,0,0,0,0,0,0,0,0,0,0,0,0,0,0,0,0,0,0,0,0,0,0,0,0,0
PF11255,soil,4,0,0.76744186,0,0,0,0,0,0,0.023255814,0,0,0.011627907,0,0,0,0,0,0,0.112403101,0,0.027131783,0,0,0,0,0,0,0,0,0,0,0.003875969,0,0,0,0,0,0.003875969,0,0,0,0,0,0,0,0.050387597
PF11259,soil,4,0.008403361,0.68907563,0,0,0,0.117647059,0,0,0,0,0,0,0,0,0,0,0,0,0,0,0,0,0,0,0,0,0,0,0,0,0,0.18487395,0,0,0,0,0,0,0,0,0,0,0,0,0,0
PF11272,soil,4,0.004065041,0.508130081,0,0,0,0.036585366,0,0,0.004065041,0,0,0,0,0,0,0,0,0,0,0,0,0.012195122,0,0,0,0.004065041,0,0,0,0,0.004065041,0.414634146,0,0,0.008130081,0,0,0,0,0,0,0,0,0.004065041,0,0
PF11273,soil,4,0,0.997536946,0,0,0,0,0,0,0,0,0,0,0,0,0,0,0,0,0,0,0.002463054,0,0,0,0,0,0,0,0,0,0,0,0,0,0,0,0,0,0,0,0,0,0,0,0,0
PF11292,soil,4,0,0.994269341,0,0,0,0,0,0,0,0,0,0,0,0,0,0,0,0,0.00286533,0,0,0,0,0,0,0,0,0,0,0,0,0.00286533,0,0,0,0,0,0,0,0,0,0,0,0,0,0
PF11298,soil,4,0,1,0,0,0,0,0,0,0,0,0,0,0,0,0,0,0,0,0,0,0,0,0,0,0,0,0,0,0,0,0,0,0,0,0,0,0,0,0,0,0,0,0,0,0,0
PF11303,soil,4,0,0.791519435,0,0,0,0,0,0,0.007067138,0,0,0.014134276,0,0,0,0,0,0,0.010600707,0,0.017667845,0.017667845,0,0,0,0.109540636,0,0.003533569,0,0,0,0.028268551,0,0,0,0,0,0,0,0,0,0,0,0,0,0
PF11304,soil,4,0.020979021,0,0,0,0,0,0,0,0,0,0,0,0,0,0,0,0,0,0,0,0,0,0,0,0,0,0,0.013986014,0,0,0,0.944055944,0,0,0,0.006993007,0,0,0,0,0,0,0,0.006993007,0.006993007,0
PF11305,soil,4,0,1,0,0,0,0,0,0,0,0,0,0,0,0,0,0,0,0,0,0,0,0,0,0,0,0,0,0,0,0,0,0,0,0,0,0,0,0,0,0,0,0,0,0,0,0
PF11338,soil,4,0,0.484320557,0,0,0,0.055749129,0,0,0,0,0,0,0,0,0,0,0,0,0,0,0,0.222996516,0,0,0,0.003484321,0,0,0,0,0.006968641,0.219512195,0,0,0.006968641,0,0,0,0,0,0,0,0,0,0,0
PF11377,soil,4,0,0.997613365,0.002386635,0,0,0,0,0,0,0,0,0,0,0,0,0,0,0,0,0,0,0,0,0,0,0,0,0,0,0,0,0,0,0,0,0,0,0,0,0,0,0,0,0,0,0
PF11390,soil,4,0,0.066666667,0,0,0,0.003921569,0,0,0,0,0,0,0,0,0,0,0,0,0,0,0,0,0,0.003921569,0,0,0,0,0,0,0,0.925490196,0,0,0,0,0,0,0,0,0,0,0,0,0,0
PF11391,soil,4,0,0.01510574,0,0,0,0.078549849,0,0,0,0,0,0,0,0,0,0,0,0,0,0,0.181268882,0.003021148,0,0,0,0,0,0,0,0,0,0.716012085,0,0,0,0,0,0,0,0,0,0,0,0.006042296,0,0
PF11392,soil,4,0,0.371681416,0,0,0,0,0,0,0.017699115,0,0,0,0,0,0,0,0,0,0,0,0.460176991,0,0,0,0,0,0,0,0,0,0,0.132743363,0,0,0,0.008849558,0,0,0,0,0,0,0,0.008849558,0,0
PF11455,soil,4,0,0.352941176,0,0,0,0,0,0,0,0,0,0,0,0,0,0,0,0,0,0,0,0,0,0,0,0,0,0.014705882,0,0,0,0.632352941,0,0,0,0,0,0,0,0,0,0,0,0,0,0
PF11662,soil,4,0,1,0,0,0,0,0,0,0,0,0,0,0,0,0,0,0,0,0,0,0,0,0,0,0,0,0,0,0,0,0,0,0,0,0,0,0,0,0,0,0,0,0,0,0,0
PF11666,soil,4,0,0.095505618,0,0,0,0,0,0,0.005617978,0,0,0,0,0,0,0,0,0,0,0,0.117977528,0,0,0,0,0.005617978,0,0,0,0,0,0.764044944,0,0,0,0.005617978,0,0,0,0,0,0,0,0.005617978,0,0
PF11748,soil,4,0,0,0,0,0,0,0,0,0,0,0,0,0,0,0,0,0,0,0,0,0,0,0,0,0,0,0,0,0,0,0,1,0,0,0,0,0,0,0,0,0,0,0,0,0,0
PF11755,soil,4,0.008955224,0.510447761,0,0,0,0,0,0,0,0.002985075,0,0,0,0,0,0,0,0,0.095522388,0,0.134328358,0,0,0.002985075,0,0,0,0,0,0,0.008955224,0.229850746,0,0,0,0,0,0,0.002985075,0,0,0,0,0,0,0.002985075
PF11784,soil,4,0.006289308,0.194968553,0,0,0,0.220125786,0,0,0,0,0,0,0,0,0,0,0,0,0.037735849,0,0.062893082,0,0,0.006289308,0,0,0,0,0,0,0.012578616,0.446540881,0,0,0.006289308,0,0,0,0.006289308,0,0,0,0,0,0,0
PF11836,soil,4,0,0,0,0,0,0,0,0,0,0,0,0,0,0,0,0,0,0,0,0,0.004098361,0,0,0,0,0,0,0,0,0,0,0.995901639,0,0,0,0,0,0,0,0,0,0,0,0,0,0
PF11862,soil,4,0,0,0,0,0,0,0,0,0,0,0,0,0,0,0,0,0,0,0,0,0,0,0,0,0,0,0,0,0,0,0,1,0,0,0,0,0,0,0,0,0,0,0,0,0,0
PF11937,soil,4,0.014150943,0.16509434,0,0,0,0.004716981,0,0,0,0,0,0,0,0,0.004716981,0,0,0,0,0,0,0.471698113,0,0.004716981,0,0.004716981,0,0,0,0,0.004716981,0.316037736,0,0,0,0,0,0,0,0,0,0,0,0.004716981,0,0.004716981
PF11950,soil,4,0.013477089,0.051212938,0,0,0.005390836,0.754716981,0.002695418,0,0.010781671,0,0,0.008086253,0,0,0,0.002695418,0,0,0.008086253,0,0.013477089,0,0,0,0,0,0,0,0,0,0.021563342,0.09703504,0,0,0.005390836,0,0,0,0,0,0,0,0,0,0.002695418,0.002695418
PF12071,soil,4,0,0,0,0,0,0,0,0,0,0,0,0,0,0,0,0,0,0,0,0,0,0,0,0,0,0,0,0,0,0,0,1,0,0,0,0,0,0,0,0,0,0,0,0,0,0
PF12088,soil,4,0.04,0,0,0,0,0,0.013333333,0,0.013333333,0,0,0,0,0,0,0,0,0,0,0,0,0,0,0.013333333,0,0,0,0.026666667,0,0,0.026666667,0.853333333,0,0,0,0,0,0,0,0,0,0,0,0,0,0.013333333
PF12089,soil,4,0,0.983490566,0,0,0,0.002358491,0,0,0.002358491,0,0,0,0,0,0,0,0,0,0.002358491,0,0,0,0,0,0,0.002358491,0,0,0,0,0.002358491,0.004716981,0,0,0,0,0,0,0,0,0,0,0,0,0,0
PF12096,soil,4,0,0,0,0,0,0,0,0,0,0,0,0,0,0,0,0,0,0,0,0,0,0,0,0,0,0,0,0,0,0,0,1,0,0,0,0,0,0,0,0,0,0,0,0,0,0
PF12098,soil,4,0.009090909,0.272727273,0,0,0,0.036363636,0,0,0,0,0,0,0,0,0,0,0,0,0,0,0.009090909,0,0,0.009090909,0,0,0,0.009090909,0,0,0,0.636363636,0,0,0,0,0,0,0,0,0,0,0,0.018181818,0,0
PF12167,soil,4,0,0,0,0,0,0.03,0,0,0,0,0,0,0,0,0,0,0,0,0,0,0,0,0,0,0,0,0,0,0,0,0,0.97,0,0,0,0,0,0,0,0,0,0,0,0,0,0
PF12244,soil,4,0.019047619,0,0,0,0,0.323809524,0,0,0,0,0,0,0,0,0,0,0,0,0,0,0,0,0,0,0,0,0,0,0,0,0,0.647619048,0,0,0,0,0,0,0,0,0,0,0,0.00952381,0,0
PF12358,soil,4,0.014285714,0.142857143,0,0,0,0.114285714,0,0,0.028571429,0,0,0,0,0,0,0,0.014285714,0,0,0,0.128571429,0,0,0,0,0,0,0,0,0,0,0.528571429,0,0,0,0,0,0,0,0.014285714,0,0,0,0.014285714,0,0
PF12367,soil,4,0,0,0,0,0.008733624,0.004366812,0,0,0.021834061,0.021834061,0,0.013100437,0,0,0,0,0.004366812,0,0.170305677,0.004366812,0.602620087,0,0,0.004366812,0,0,0,0,0,0,0.004366812,0.096069869,0,0,0,0.004366812,0,0,0.004366812,0,0.004366812,0.008733624,0.017467249,0.004366812,0,0
PF12411,soil,4,0,0.027027027,0,0,0,0,0,0,0,0,0,0,0,0,0,0,0,0,0,0,0.003003003,0.246246246,0,0,0,0,0,0,0,0,0,0.723723724,0,0,0,0,0,0,0,0,0,0,0,0,0,0
PF12419,soil,4,0.002710027,0.544715447,0,0,0,0.024390244,0,0,0.013550136,0,0.005420054,0,0,0,0,0,0,0,0.010840108,0.002710027,0.300813008,0,0,0,0,0,0,0.002710027,0,0,0.008130081,0.070460705,0,0,0,0.002710027,0,0,0.005420054,0,0,0,0,0,0.005420054,0
PF12536,soil,4,0,0.006134969,0,0,0,0,0,0,0,0,0,0,0,0,0,0,0,0,0,0,0.006134969,0,0,0,0,0,0,0,0,0,0,0.987730061,0,0,0,0,0,0,0,0,0,0,0,0,0,0
PF12555,soil,4,0,0.856630824,0,0,0,0,0,0,0,0,0,0,0,0,0,0,0,0,0,0,0.139784946,0,0,0,0,0,0,0,0,0,0,0,0,0,0,0,0,0,0,0,0,0,0,0.003584229,0,0
PF12599,soil,4,0,0,0,0,0,0,0,0,0.008130081,0,0,0,0,0,0,0,0,0,0,0,0,0,0,0,0,0.008130081,0,0,0,0,0,0.983739837,0,0,0,0,0,0,0,0,0,0,0,0,0,0
PF12607,soil,4,0,0,0,0,0,0,0,0,0,0,0,0,0,0,0,0,0,0,0,0,0,0,0,0,0,0,0,0,0,0,0,1,0,0,0,0,0,0,0,0,0,0,0,0,0,0
PF12616,soil,4,0,0.004854369,0,0,0,0,0,0,0,0,0,0,0,0,0,0,0,0,0,0,0.009708738,0,0,0,0,0,0,0,0,0,0,0.985436893,0,0,0,0,0,0,0,0,0,0,0,0,0,0
PF12647,soil,4,0,0.518518519,0,0,0,0,0,0,0.037037037,0,0,0.049382716,0,0,0,0,0,0,0,0,0.283950617,0,0,0,0,0,0,0,0,0,0,0.049382716,0,0,0,0.037037037,0,0,0,0,0,0,0,0.024691358,0,0
PF12666,soil,4,0,0.509433962,0,0,0,0,0,0,0.009433962,0,0,0,0,0,0,0,0,0,0,0,0.462264151,0,0,0,0,0,0,0,0,0,0,0,0,0,0,0,0,0,0,0,0,0,0,0.018867925,0,0
PF12823,soil,4,0,0.49744898,0,0,0.00127551,0.299744898,0,0,0,0,0,0,0,0,0,0,0,0,0,0,0.088010204,0,0,0,0,0,0,0,0,0,0.00127551,0.105867347,0,0,0,0,0,0,0,0,0,0,0,0,0.005102041,0.00127551
PF13006,soil,4,0,0.514851485,0,0,0,0,0,0,0,0,0,0,0,0,0,0,0,0,0,0,0,0,0,0,0,0,0,0,0,0,0.01980198,0.465346535,0,0,0,0,0,0,0,0,0,0,0,0,0,0
PF13031,soil,4,0,0.083333333,0,0,0,0.142857143,0,0,0,0,0,0,0,0,0,0,0,0,0.017857143,0,0.607142857,0,0,0,0,0,0,0.005952381,0,0,0,0.125,0,0,0,0,0,0,0,0,0,0,0,0.011904762,0.005952381,0
PF13160,soil,4,0,0.355828221,0,0,0,0.220858896,0,0,0,0,0,0.018404908,0,0,0,0,0,0,0,0,0.171779141,0,0,0,0,0,0,0,0,0,0,0.233128834,0,0,0,0,0,0,0,0,0,0,0,0,0,0
PF13190,soil,4,0,0.640625,0,0,0,0,0,0,0.04296875,0.015625,0.0078125,0,0,0,0,0.00390625,0,0,0.05859375,0,0.1875,0,0,0,0,0,0,0,0,0,0.00390625,0.0234375,0,0,0,0,0,0,0.00390625,0,0,0,0,0.0078125,0.00390625,0
PF13223,soil,4,0,0.850909091,0,0,0,0,0,0,0,0,0,0,0,0,0,0,0,0,0,0,0.007272727,0,0,0,0,0,0,0,0,0,0,0.141818182,0,0,0,0,0,0,0,0,0,0,0,0,0,0
PF13239,soil,4,0,0.155487805,0,0,0,0.539634146,0,0,0.009146341,0,0.006097561,0,0,0,0,0,0,0,0.021341463,0,0.030487805,0,0,0.00304878,0,0,0,0,0,0,0.00304878,0.225609756,0,0,0.00304878,0.00304878,0,0,0,0,0,0,0,0,0,0
PF13274,soil,4,0,0.154109589,0,0,0,0.23630137,0.003424658,0,0.003424658,0,0,0.01369863,0,0.003424658,0,0.003424658,0,0,0.030821918,0,0.22260274,0,0,0,0,0,0,0.003424658,0,0,0.006849315,0.27739726,0,0,0.003424658,0,0,0,0.006849315,0.017123288,0,0,0.006849315,0.006849315,0,0
PF13282,soil,4,0.009615385,0.057692308,0,0,0,0.067307692,0,0,0.076923077,0,0.019230769,0,0,0,0,0,0,0,0,0.009615385,0.115384615,0,0,0.009615385,0,0,0,0,0,0,0.048076923,0.538461538,0,0,0,0.009615385,0,0,0,0,0,0.009615385,0.009615385,0.009615385,0.009615385,0
PF13313,soil,4,0,0.587719298,0,0,0,0.184210526,0,0,0,0,0,0,0,0,0,0,0,0,0,0,0.01754386,0,0,0,0,0,0,0,0,0,0.00877193,0.192982456,0,0,0,0,0,0.00877193,0,0,0,0,0,0,0,0
PF13318,soil,4,0,0,0,0,0,0,0,0,0,0,0.015384615,0,0,0,0,0,0,0,0,0,0,0,0,0,0,0.015384615,0,0,0,0,0,0.953846154,0,0,0,0,0,0,0,0,0,0,0,0,0.015384615,0
PF13340,soil,4,0,0.326565144,0,0,0,0.052453469,0,0,0.001692047,0,0.003384095,0.00676819,0,0,0,0,0,0,0.001692047,0,0.033840948,0,0,0,0,0.001692047,0,0.003384095,0,0,0.005076142,0.551607445,0,0.001692047,0.001692047,0,0,0,0.003384095,0,0.001692047,0,0,0.001692047,0.001692047,0
PF13342,soil,4,0.006410256,0.012820513,0,0,0,0.224358974,0,0,0,0,0,0,0,0,0,0,0,0,0,0,0.368589744,0,0,0,0,0,0,0,0,0,0,0.355769231,0,0,0,0.003205128,0,0,0,0,0,0,0,0.006410256,0.022435897,0
PF13376,soil,4,0.004429679,0.295681063,0,0.00110742,0,0.273532669,0.00110742,0,0.005537099,0,0.00110742,0.002214839,0,0,0,0,0,0,0.004429679,0,0.150609081,0.03765227,0,0.002214839,0,0,0,0.00110742,0,0,0.00110742,0.201550388,0,0,0.002214839,0.004429679,0,0,0,0.003322259,0,0,0,0.002214839,0.004429679,0
PF13391,soil,4,0,0.183098592,0,0,0,0.123239437,0.001760563,0.001760563,0.00528169,0,0,0.001760563,0,0,0.001760563,0,0,0,0.028169014,0.001760563,0.079225352,0.137323944,0,0,0,0.001760563,0,0.001760563,0,0,0.001760563,0.404929577,0,0,0.003521127,0.003521127,0,0.001760563,0,0.007042254,0,0,0,0.001760563,0.00528169,0.001760563
PF13430,soil,4,0.011904762,0.019047619,0,0,0,0.097619048,0.002380952,0,0,0,0.004761905,0,0,0,0.002380952,0,0,0,0.047619048,0,0,0.283333333,0,0.002380952,0,0,0,0.004761905,0,0,0.007142857,0.504761905,0,0,0,0,0,0,0,0,0,0,0,0.002380952,0.004761905,0.004761905
PF13438,soil,4,0,0.066838046,0,0,0,0.30848329,0,0.002570694,0.002570694,0,0,0,0,0,0,0,0,0,0,0,0,0,0,0,0,0.002570694,0,0,0,0,0.002570694,0.604113111,0,0,0.005141388,0.002570694,0,0,0,0,0,0,0,0,0.002570694,0
PF13511,soil,4,0.003289474,0,0,0,0,0,0,0,0,0,0,0,0,0,0,0,0,0,0,0,0,0,0,0,0,0.003289474,0,0.009868421,0,0,0,0.973684211,0,0,0,0.003289474,0,0,0,0,0,0.003289474,0,0.003289474,0,0
PF13559,soil,4,0.00273224,0.431693989,0,0,0,0.129781421,0,0,0.013661202,0.00273224,0.00136612,0.008196721,0,0,0,0,0,0,0.040983607,0,0.151639344,0.012295082,0,0.00136612,0,0,0,0.004098361,0,0,0.009562842,0.180327869,0,0,0.00273224,0.00273224,0,0,0,0,0,0,0,0.00136612,0.00136612,0.00136612
PF13564,soil,4,0.005089059,0.36259542,0,0,0,0.264631043,0.001272265,0.001272265,0.002544529,0,0,0.002544529,0,0,0,0,0,0,0.002544529,0,0.076335878,0.005089059,0,0.001272265,0,0.029262087,0,0,0,0,0.005089059,0.232824427,0,0,0.002544529,0,0,0,0,0,0,0,0,0,0.001272265,0.003816794
PF13600,soil,4,0,0.131578947,0,0,0,0.301169591,0,0,0,0,0,0,0,0,0.002923977,0,0,0.002923977,0.002923977,0.002923977,0,0.140350877,0,0,0,0.052631579,0,0,0,0,0.005847953,0.34502924,0,0,0,0,0,0,0,0,0,0,0,0,0.011695906,0
PF13617,soil,4,0,0,0,0,0,0,0,0,0,0,0,0,0,0,0,0,0,0,0,0,0,0,0,0,0,0.005405405,0,0.010810811,0,0,0,0.983783784,0,0,0,0,0,0,0,0,0,0,0,0,0,0
PF13618,soil,4,0.009765625,0.109375,0,0,0,0.287109375,0.001953125,0,0.00390625,0,0,0.001953125,0,0,0,0,0,0,0.041015625,0.001953125,0.111328125,0,0,0.00390625,0,0.001953125,0,0,0,0,0.001953125,0.41796875,0,0,0.001953125,0,0,0,0,0,0,0,0,0,0.00390625,0
PF13625,soil,4,0,0.544918999,0.025036819,0.002945508,0,0,0,0,0.011782032,0,0,0,0.001472754,0,0.001472754,0,0,0.010309278,0,0.001472754,0.070692194,0.194403535,0,0,0,0.081001473,0,0,0.001472754,0.001472754,0.002945508,0.004418262,0,0.001472754,0,0.010309278,0,0.010309278,0,0,0,0,0,0.001472754,0,0.020618557
PF13630,soil,4,0.002610966,0.287206266,0,0,0,0.211488251,0,0,0.020887728,0.002610966,0,0.007832898,0,0,0,0,0,0,0.026109661,0,0.349869452,0,0.002610966,0,0,0,0,0,0,0,0.002610966,0.075718016,0,0,0.002610966,0,0,0,0,0.002610966,0,0,0,0.002610966,0.002610966,0
PF13664,soil,4,0.01242236,0,0.031055901,0,0.01242236,0,0,0,0,0,0.00310559,0,0,0,0.00310559,0,0,0,0.00931677,0,0.01552795,0.322981366,0,0.00310559,0,0.062111801,0,0.01242236,0,0,0.00621118,0.447204969,0,0,0,0,0,0.00310559,0,0,0,0,0,0.00621118,0.00621118,0.043478261
PF13700,soil,4,0,0.203187251,0,0,0,0.047808765,0,0,0.003984064,0,0,0.007968127,0,0,0,0,0,0,0,0,0.139442231,0,0,0,0,0.003984064,0,0,0,0,0,0.585657371,0,0.003984064,0.003984064,0,0,0,0,0,0,0,0,0,0,0
PF13737,soil,4,0.00729927,0,0,0,0,0,0,0,0,0,0,0,0,0,0,0,0,0,0,0,0,0,0,0,0,0,0,0,0,0,0,0.99270073,0,0,0,0,0,0,0,0,0,0,0,0,0,0
PF13751,soil,4,0.001779359,0.096085409,0,0,0,0.163701068,0,0,0.007117438,0,0.001779359,0,0,0,0,0,0,0,0.008896797,0,0.274021352,0,0,0,0,0.007117438,0,0.001779359,0,0,0.003558719,0.421708185,0,0,0,0.005338078,0,0,0,0,0,0,0,0.007117438,0,0
PF13769,soil,4,0,0.006289308,0,0,0,0,0,0,0.003144654,0,0,0,0,0,0,0,0,0,0,0,0.477987421,0,0,0,0,0,0,0,0,0,0,0.509433962,0,0,0,0,0,0,0,0,0,0,0,0,0.003144654,0
PF13770,soil,4,0,0,0,0,0,0,0,0,0,0,0,0,0,0,0,0,0,0,0,0,0,0,0,0,0,0,0,0,0,0,0,1,0,0,0,0,0,0,0,0,0,0,0,0,0,0
PF13781,soil,4,0,0.044334975,0,0,0,0.197044335,0,0,0,0,0,0,0,0,0,0,0,0,0.014778325,0,0.142857143,0,0,0,0,0.004926108,0,0,0,0,0,0.57635468,0,0,0.009852217,0,0,0,0,0,0,0,0,0.004926108,0,0.004926108
PF13783,soil,4,0.002178649,0.474945534,0,0,0,0.071895425,0,0,0.002178649,0,0,0,0,0,0,0,0,0,0.039215686,0,0.137254902,0,0,0,0,0,0,0.002178649,0,0,0.008714597,0.246187364,0,0,0.002178649,0,0,0,0,0.002178649,0,0,0,0.006535948,0.004357298,0
PF13785,soil,4,0.003412969,0.324232082,0,0,0,0.167235495,0,0,0,0,0.003412969,0,0,0,0,0,0,0,0,0,0.249146758,0,0,0.006825939,0,0,0,0,0,0,0.006825939,0.225255973,0,0,0.006825939,0,0,0,0,0,0,0,0,0.003412969,0.003412969,0
PF13787,soil,4,0.005291005,0.264550265,0.010582011,0,0,0.084656085,0,0,0.026455026,0,0,0,0,0,0,0,0,0,0,0,0.423280423,0.010582011,0.005291005,0.005291005,0,0,0,0,0,0,0.005291005,0.132275132,0,0,0,0.010582011,0,0,0,0,0,0,0,0.005291005,0.010582011,0
PF13795,soil,4,0.003502627,0.085814361,0,0,0,0.401050788,0,0,0,0,0,0,0,0,0,0,0,0,0,0,0.028021016,0,0,0.003502627,0,0,0,0.001751313,0,0,0.003502627,0.469352014,0,0,0,0,0,0,0,0,0,0,0,0.001751313,0.001751313,0
PF13808,soil,4,0,0.220125786,0,0,0,0.094339623,0,0,0.018867925,0,0.018867925,0.006289308,0,0,0,0,0,0,0,0,0.050314465,0,0,0,0,0,0,0.006289308,0,0,0.018867925,0.528301887,0,0,0,0.012578616,0,0,0,0,0.006289308,0,0,0.012578616,0,0.006289308
PF13822,soil,4,0,1,0,0,0,0,0,0,0,0,0,0,0,0,0,0,0,0,0,0,0,0,0,0,0,0,0,0,0,0,0,0,0,0,0,0,0,0,0,0,0,0,0,0,0,0
PF13827,soil,4,0,0.368932039,0,0,0,0.009708738,0,0,0,0,0,0,0,0,0,0,0,0,0,0,0,0,0,0,0,0.019417476,0,0,0,0,0.009708738,0.59223301,0,0,0,0,0,0,0,0,0,0,0,0,0,0
PF13828,soil,4,0,0.782608696,0,0,0,0.007246377,0,0,0.012077295,0,0,0,0,0,0,0.002415459,0,0,0,0,0.111111111,0,0,0,0,0,0,0,0,0,0.007246377,0.072463768,0,0,0,0,0,0,0,0,0,0,0,0.002415459,0.002415459,0
PF14012,soil,4,0,1,0,0,0,0,0,0,0,0,0,0,0,0,0,0,0,0,0,0,0,0,0,0,0,0,0,0,0,0,0,0,0,0,0,0,0,0,0,0,0,0,0,0,0,0
PF14014,soil,4,0.006134969,0.251533742,0,0,0,0.449897751,0,0,0.008179959,0,0,0,0,0,0,0,0,0,0,0,0.112474438,0,0,0.00204499,0,0,0,0,0,0,0,0.147239264,0,0,0.00204499,0.008179959,0,0,0,0,0,0,0.00204499,0.008179959,0.00204499,0
PF14015,soil,4,0,0.495049505,0,0,0,0.118811881,0,0,0,0,0.00990099,0,0,0,0,0,0,0,0,0,0.079207921,0,0,0,0,0,0,0,0,0,0,0.237623762,0,0,0,0,0,0,0,0.04950495,0,0,0,0.00990099,0,0
PF14017,soil,4,0,1,0,0,0,0,0,0,0,0,0,0,0,0,0,0,0,0,0,0,0,0,0,0,0,0,0,0,0,0,0,0,0,0,0,0,0,0,0,0,0,0,0,0,0,0
PF14019,soil,4,0,0.949640288,0,0,0,0.021582734,0,0,0,0,0,0,0,0,0,0,0,0,0,0,0,0,0,0,0,0,0,0,0,0,0.007194245,0.014388489,0,0,0.007194245,0,0,0,0,0,0,0,0,0,0,0
PF14024,soil,4,0.004385965,0.605263158,0,0,0,0.188596491,0,0,0,0,0,0,0,0,0,0,0,0,0.013157895,0,0.061403509,0.004385965,0,0,0,0,0,0,0,0.004385965,0.004385965,0.100877193,0,0,0,0,0,0,0,0,0,0,0,0.004385965,0.00877193,0
PF14029,soil,4,0,0.987864078,0,0,0,0,0,0,0,0,0,0,0,0,0,0,0,0,0,0,0.012135922,0,0,0,0,0,0,0,0,0,0,0,0,0,0,0,0,0,0,0,0,0,0,0,0,0
PF14062,soil,4,0,0.808823529,0,0,0,0.073529412,0,0,0,0,0,0,0,0,0,0,0,0,0,0,0.066176471,0,0,0,0,0,0,0,0,0,0,0.051470588,0,0,0,0,0,0,0,0,0,0,0,0,0,0
PF14076,soil,4,0,0,0,0,0.006329114,0.348101266,0.006329114,0.006329114,0,0.018987342,0,0.018987342,0,0,0,0,0.006329114,0,0.037974684,0,0.139240506,0.006329114,0,0,0,0,0,0,0,0,0.006329114,0.367088608,0,0,0,0.006329114,0,0,0,0,0,0,0.012658228,0,0,0.012658228
PF14079,soil,4,0.004115226,0.111111111,0,0,0,0.395061728,0,0,0,0,0,0,0,0,0,0,0,0,0.012345679,0,0.164609053,0.020576132,0,0,0,0,0,0,0,0,0,0.275720165,0,0,0.008230453,0,0,0.008230453,0,0,0,0,0,0,0,0
PF14080,soil,4,0,0.144578313,0,0,0,0.180722892,0,0,0.012048193,0,0,0,0,0,0,0,0,0,0,0,0.409638554,0,0,0,0,0,0,0,0,0,0.048192771,0.192771084,0,0,0,0,0,0,0,0,0,0,0,0,0.012048193,0
PF14081,soil,4,0,0.686746988,0,0,0,0.144578313,0,0,0,0,0,0,0,0,0,0,0,0,0,0,0.012048193,0,0,0,0,0,0,0,0,0,0,0.156626506,0,0,0,0,0,0,0,0,0,0,0,0,0,0
PF14085,soil,4,0.010416667,0.375,0,0,0,0.333333333,0,0,0,0,0,0,0,0,0,0,0,0,0,0,0.020833333,0,0,0,0,0.010416667,0,0,0,0,0,0.25,0,0,0,0,0,0,0,0,0,0,0,0,0,0
PF14086,soil,4,0,0,0,0,0,0.61878453,0,0,0,0,0.005524862,0,0,0,0,0,0,0,0,0,0,0,0,0,0,0,0,0,0,0,0,0.364640884,0,0,0,0,0,0,0,0,0,0,0,0.005524862,0.005524862,0
PF14087,soil,4,0.00877193,0.513157895,0,0,0,0.100877193,0,0,0,0,0,0,0,0,0,0,0,0,0,0,0.004385965,0.307017544,0,0,0,0,0,0,0,0,0,0.065789474,0,0,0,0,0,0,0,0,0,0,0,0,0,0
PF14088,soil,4,0,0.055555556,0,0,0,0.715277778,0,0,0.003472222,0,0,0,0,0,0,0,0,0,0.013888889,0,0.041666667,0,0,0,0,0,0,0,0,0,0.003472222,0.159722222,0,0,0,0,0,0,0,0,0,0,0,0.003472222,0.003472222,0
PF14106,soil,4,0,0.203703704,0,0,0,0.185185185,0,0,0,0,0,0.009259259,0,0,0,0,0,0,0,0,0.25,0,0,0,0,0,0,0,0,0,0.009259259,0.324074074,0,0,0,0,0,0,0.009259259,0,0,0,0,0,0.009259259,0
PF14110,soil,4,0,0.372093023,0,0.007751938,0.015503876,0,0,0,0.007751938,0,0,0,0,0,0,0,0,0,0,0,0.07751938,0,0,0,0,0,0,0,0,0,0.007751938,0.503875969,0,0,0,0,0,0,0,0,0,0,0,0,0.007751938,0
PF14155,soil,4,0,1,0,0,0,0,0,0,0,0,0,0,0,0,0,0,0,0,0,0,0,0,0,0,0,0,0,0,0,0,0,0,0,0,0,0,0,0,0,0,0,0,0,0,0,0
PF14206,soil,4,0,0.291044776,0,0,0,0.104477612,0,0,0,0,0,0,0,0,0,0,0,0,0.02238806,0,0.276119403,0.007462687,0,0,0,0,0,0,0,0,0.014925373,0.276119403,0,0,0,0,0,0,0,0,0,0,0,0.007462687,0,0
PF14230,soil,4,0.005494505,0.983516484,0,0,0,0,0,0,0,0,0,0,0,0,0,0,0,0,0,0,0,0,0,0,0,0,0,0,0,0,0,0.010989011,0,0,0,0,0,0,0,0,0,0,0,0,0,0
PF14242,soil,4,0,0.138211382,0,0,0,0.154471545,0.008130081,0,0.040650407,0,0.008130081,0,0,0,0,0,0,0,0,0,0.544715447,0,0,0.016260163,0,0,0,0,0,0,0,0.048780488,0,0,0.016260163,0.016260163,0,0,0,0,0,0,0,0.008130081,0,0
PF14248,soil,4,0,0.218045113,0,0,0,0.165413534,0.003759398,0,0.007518797,0,0,0,0,0,0,0,0,0,0,0,0.007518797,0.018796992,0,0.003759398,0,0.003759398,0,0,0,0,0,0.571428571,0,0,0,0,0,0,0,0,0,0,0,0,0,0
PF14325,soil,4,0.003937008,0.88976378,0,0,0,0.007874016,0,0,0,0,0.003937008,0,0,0,0,0,0,0,0.003937008,0,0.039370079,0,0,0,0,0.003937008,0,0.003937008,0,0,0,0.043307087,0,0,0,0,0,0,0,0,0,0,0,0,0,0
PF14326,soil,4,0,0,0,0,0,0.103448276,0,0,0.00862069,0,0.00862069,0.060344828,0,0,0,0,0,0,0,0,0.00862069,0,0,0,0,0,0,0.025862069,0,0,0.00862069,0.75,0,0,0.00862069,0,0,0,0,0,0,0,0.00862069,0,0.00862069,0
PF14330,soil,4,0,0.174193548,0,0,0,0.019354839,0,0,0,0,0,0,0,0,0,0,0,0,0,0,0.212903226,0.251612903,0,0,0,0,0,0,0,0,0,0.335483871,0,0,0,0,0,0,0,0,0,0,0,0.006451613,0,0
PF14332,soil,4,0.037037037,0,0,0,0.074074074,0,0,0,0.166666667,0,0.037037037,0.12962963,0,0,0,0,0,0,0,0.018518519,0,0,0,0.037037037,0,0,0,0,0,0,0.037037037,0.444444444,0,0,0,0.018518519,0,0,0,0,0,0,0,0,0,0
PF14333,soil,4,0,0.448275862,0,0,0,0.021551724,0,0,0.017241379,0,0,0,0,0,0,0,0.004310345,0,0.00862069,0,0,0,0,0.004310345,0,0,0,0,0,0,0,0.49137931,0,0,0,0.004310345,0,0,0,0,0,0,0,0,0,0
PF14340,soil,4,0,0.680107527,0,0,0,0.067204301,0,0,0.008064516,0,0,0.016129032,0,0,0,0,0,0,0.002688172,0,0.177419355,0,0,0.002688172,0,0,0,0,0,0,0,0.043010753,0,0,0,0.002688172,0,0,0,0,0,0,0,0,0,0
PF14341,soil,4,0.004545455,0,0,0,0,0,0,0,0,0,0,0.009090909,0,0,0,0,0,0,0,0,0.054545455,0,0,0,0,0,0,0.004545455,0,0,0.004545455,0.918181818,0,0,0,0.004545455,0,0,0,0,0,0,0,0,0,0
PF14342,soil,4,0,0.44966443,0,0,0,0.006711409,0,0,0.003355705,0,0,0,0,0,0,0,0,0,0.026845638,0,0.083892617,0.161073826,0.003355705,0,0,0,0,0.006711409,0,0,0,0.251677852,0,0.003355705,0,0,0,0,0,0,0,0,0,0.003355705,0,0
PF14344,soil,4,0.007556675,0.292191436,0,0.002518892,0,0.249370277,0,0,0.007556675,0,0,0.010075567,0,0,0,0,0,0,0.047858942,0,0.204030227,0,0,0.005037783,0,0,0,0,0,0,0,0.158690176,0,0,0.005037783,0,0,0,0,0,0,0,0,0.010075567,0,0
PF14347,soil,4,0,0,0,0,0,0.052325581,0,0,0,0,0,0,0,0,0,0,0,0,0.005813953,0,0,0,0,0,0,0,0,0,0,0,0,0.906976744,0,0,0,0,0,0,0,0,0,0,0,0,0.011627907,0.023255814
PF14355,soil,4,0,0.18,0,0,0,0.14,0,0.006666667,0,0,0,0,0,0,0,0.006666667,0,0,0.006666667,0,0.106666667,0,0,0,0,0.006666667,0,0,0,0,0,0.546666667,0,0,0,0,0,0,0,0,0,0,0,0,0,0
PF14375,soil,4,0,0,0,0,0,0.248366013,0,0,0,0,0,0,0,0,0,0,0,0,0,0,0.150326797,0,0,0,0,0,0,0.013071895,0,0,0,0.575163399,0,0,0,0.006535948,0,0,0,0,0,0,0,0,0.006535948,0
PF14452,soil,4,0,0.127906977,0,0,0,0.174418605,0.011627907,0,0,0,0,0,0,0,0,0,0,0,0,0,0.034883721,0,0,0,0,0,0,0.011627907,0,0,0.011627907,0.627906977,0,0,0,0,0,0,0,0,0,0,0,0,0,0
PF14584,soil,4,0,0.185430464,0,0,0,0,0,0,0.006622517,0,0,0,0,0,0,0,0,0,0,0,0.774834437,0,0,0,0,0,0,0,0,0,0,0,0,0,0,0,0,0,0,0,0,0,0,0.033112583,0,0
PF14882,soil,4,0,0,0,0,0,0,0,0,0,0,0,0,0,0,0,0,0,0,0,0,0,0,0,0,0,0,0,0,0,0,0,1,0,0,0,0,0,0,0,0,0,0,0,0,0,0
PF15975,soil,4,0.005514706,0.319852941,0,0,0,0.060661765,0,0.001838235,0,0,0,0.001838235,0,0,0,0,0,0,0,0.001838235,0.310661765,0.009191176,0,0,0,0.055147059,0,0,0.001838235,0,0.003676471,0.209558824,0,0,0.003676471,0.001838235,0,0,0,0.003676471,0,0,0,0.007352941,0.001838235,0
PF16137,soil,4,0,0,0,0,0,0,0,0,0,0,0,0,0,0,0,0,0,0,0,0,0,0,0,0,0,0,0,0,0,0,0,0.994871795,0,0,0,0,0,0,0,0,0,0,0,0.005128205,0,0
PF16200,soil,4,0.001964637,0,0.039292731,0,0,0.011787819,0.001964637,0,0,0,0,0.007858546,0,0,0,0,0,0.015717092,0,0,0,0.198428291,0,0,0,0.096267191,0,0.00589391,0.001964637,0,0,0.569744597,0,0,0,0.00589391,0,0.009823183,0,0,0,0,0,0.00589391,0,0.027504912
PF16976,soil,4,0.005657709,0.222065064,0,0,0,0,0,0,0.012729844,0,0,0,0,0,0,0.001414427,0,0,0,0,0.09476662,0,0,0,0,0.001414427,0,0.001414427,0,0,0.00990099,0.642149929,0,0,0,0,0,0,0,0,0,0,0,0.007072136,0,0.001414427
